日期,最高温(°C),最低温(°C),天气,风力风向,空气质量指数(AQI)
2019-01-01,8,4,阴,东北风2级,0
2019-01-02,9,6,阴,东北风2级,0
2019-01-03,12,8,小雨,东北风1级,0
2019-01-04,12,8,小雨,东北风1级,0
2019-01-05,15,10,小雨,东北风1级,0
2019-01-06,15,11,小雨,东北风2级,0
2019-01-07,14,10,小雨,东北风2级,0
2019-01-08,12,9,小雨~中雨,东北风2级,0
2019-01-09,10,8,小雨,东北风2级,0
2019-01-10,12,8,小雨,东北风1级,0
2019-01-11,15,10,小雨,东北风2级,0
2019-01-12,17,11,阴~小雨,东北风2级,0
2019-01-13,16,12,小雨~阴,东北风1级,0
2019-01-14,18,13,阴~小雨,东北风2级,0
2019-01-15,13,8,小雨,东北风2级,0
2019-01-16,11,7,小雨,西北风2级,0
2019-01-17,15,7,多云,东北风2级,0
2019-01-18,13,9,阴~小雨,东南风2级,0
2019-01-19,19,14,阴,东南风2级,0
2019-01-20,18,9,小雨,东北风2级,0
2019-01-21,14,8,多云~晴,东北风3级,0
2019-01-22,18,8,晴,东北风2级,0
2019-01-23,19,8,晴,东南风1级,0
2019-01-24,19,12,多云,东南风1级,0
2019-01-25,20,13,阴,东北风1级,0
2019-01-26,19,13,多云,东北风2级,0
2019-01-27,21,11,多云,东南风2级,0
2019-01-28,22,16,多云~阴,东南风3级,0
2019-01-29,22,16,多云,东南风3级,0
2019-01-30,23,17,多云~阴,东南风3级,0
2019-01-31,21,13,阴~多云,东北风2级,0
2019-02-01,19,13,多云~阴,东北风2级,0
2019-02-02,22,16,多云,东南风2级,0
2019-02-03,23,15,多云,东南风2级,0
2019-02-04,21,15,阴,东南风2级,0
2019-02-05,26,16,多云~阴,东南风2级,0
2019-02-06,26,16,多云~阴,东南风3级,0
2019-02-07,28,19,多云,东南风2级,0
2019-02-08,28,19,多云,东南风3级,0
2019-02-09,25,16,多云~阴,东北风3级,0
2019-02-10,19,11,多云~阴,东北风2级,0
2019-02-11,13,9,阴,东北风2级,0
2019-02-12,16,7,多云~阴,东南风2级,0
2019-02-13,18,13,多云~阴,东南风2级,0
2019-02-14,23,14,多云~阴,东南风2级,0
2019-02-15,20,14,阴,东北风2级,0
2019-02-16,17,11,小雨,东北风2级,0
2019-02-17,14,9,大雨,东北风2级,0
2019-02-18,13,8,小雨,东北风2级,0
2019-02-19,16,12,阴,东北风2级,0
2019-02-20,20,11,阴,东南风2级,0
2019-02-21,19,11,小雨~阴,东北风2级,0
2019-02-22,15,11,阴~小雨,东北风2级,0
2019-02-23,12,10,小雨,东北风2级,0
2019-02-24,14,9,阴,东北风2级,0
2019-02-25,15,10,小雨,东南风2级,0
2019-02-26,18,11,阴,东南风2级,0
2019-02-27,24,12,多云~阴,东南风3级,0
2019-02-28,17,14,阴~小雨,东南风3级,0
2019-03-01,22,14,阴~多云,东南风3级,0
2019-03-02,25,12,阴~小雨,东南风2级,0
2019-03-03,21,14,多云~阴,东北风2级,0
2019-03-04,22,13,小雨,东南风3级,0
2019-03-05,21,13,小雨,东南风3级,0
2019-03-06,18,13,小雨,东北风3级,0
2019-03-07,16,12,小雨,东北风2级,0
2019-03-08,15,11,小雨,东北风2级,0
2019-03-09,14,12,小雨,东北风2级,0
2019-03-10,20,12,多云,东北风2级,0
2019-03-11,25,12,多云,东北风2级,0
2019-03-12,25,13,多云,东南风2级,0
2019-03-13,23,17,阴~小雨,东南风3级,0
2019-03-14,22,16,小雨~阴,东北风2级,0
2019-03-15,20,16,阴~小雨,东北风3级,0
2019-03-16,20,16,阴~小雨,东北风2级,0
2019-03-17,17,14,小雨~阴,东北风2级,0
2019-03-18,21,14,小雨~阴,东南风1级,0
2019-03-19,24,16,多云,东南风3级,0
2019-03-20,26,20,多云,西南风3级,0
2019-03-21,31,21,多云~阴,西南风3级,0
2019-03-22,22,14,阵雨~小雨,东风3级,0
2019-03-23,18,14,小雨,东北风3级,0
2019-03-24,16,13,小雨,东北风2级,0
2019-03-25,19,13,多云,东南风2级,0
2019-03-26,23,15,阴,东南风2级,0
2019-03-27,25,16,阴~多云,东南风3级,0
2019-03-28,27,20,阴~阵雨,东南风2级,0
2019-03-29,28,21,多云~阴,东南风2级,0
2019-03-30,28,20,多云~小雨,东南风3级,0
2019-03-31,25,15,大雨~小雨,东南风3级,0
2019-04-01,17,14,小雨,东北风2级,0
2019-04-02,22,16,小雨~阴,东南风3级,0
2019-04-03,22,17,小雨,东南风3级,0
2019-04-04,22,17,阴,东北风2级,0
2019-04-05,23,16,阴,东北风1级,0
2019-04-06,27,19,阵雨~多云,东南风2级,0
2019-04-07,30,22,多云,东南风2级,0
2019-04-08,32,23,多云,东南风3级,0
2019-04-09,33,22,多云~晴,西南风3级,0
2019-04-10,32,23,多云~阴,东南风3级,0
2019-04-11,32,19,阴~中雨,东南风3级,0
2019-04-12,23,19,小雨~阴,东北风2级,0
2019-04-13,29,21,小雨,东南风3级,0
2019-04-14,25,19,阵雨,东南风3级,0
2019-04-15,24,19,阴~阵雨,东北风2级,0
2019-04-16,26,18,小雨~阴,东北风2级,0
2019-04-17,27,19,多云,东南风2级,0
2019-04-18,30,21,多云,东南风3级,0
2019-04-19,34,24,多云,东南风3级,0
2019-04-20,35,26,多云,东南风3级,0
2019-04-21,32,23,阴,东南风3级,0
2019-04-22,33,25,阵雨~多云,东南风3级,0
2019-04-23,33,25,多云,东南风3级,0
2019-04-24,34,25,多云,东南风3级,0
2019-04-25,33,23,多云~小雨,东南风2级,0
2019-04-26,32,22,阴~中雨,东南风3级,0
2019-04-27,29,22,中雨~阴,东南风3级,0
2019-04-28,31,25,多云,东南风3级,0
2019-04-29,30,22,阵雨,东南风2级,0
2019-04-30,26,20,中雨~多云,东北风2级,0
2019-05-01,29,20,多云,东北风2级,0
2019-05-02,26,20,阴,东北风2级,0
2019-05-03,26,21,阴~小雨,东南风3级,0
2019-05-04,24,20,小雨~中雨,东风3级,0
2019-05-05,23,19,中雨~小雨,东北风3级,0
2019-05-06,23,20,小雨,东北风2级,0
2019-05-07,24,19,小雨,东北风3级,0
2019-05-08,22,19,小雨~阴,东北风2级,0
2019-05-09,24,18,阴,东北风2级,0
2019-05-10,25,19,阴~多云,东北风2级,0
2019-05-11,30,23,多云,东南风2级,0
2019-05-12,32,24,多云,东南风3级,0
2019-05-13,31,24,小雨~多云,东南风3级,0
2019-05-14,32,25,阵雨~多云,东南风3级,0
2019-05-15,32,25,阵雨~多云,东南风3级,0
2019-05-16,33,26,多云,东南风3级,0
2019-05-17,34,26,多云,东南风3级,0
2019-05-18,34,26,多云~晴,东南风3级,0
2019-05-19,35,25,多云,东南风3级,0
2019-05-20,29,22,阵雨~多云,东北风2级,0
2019-05-21,29,23,多云,东北风2级,0
2019-05-22,31,24,阵雨~多云,东北风2级,0
2019-05-23,33,23,多云,东北风1级,0
2019-05-24,32,24,阵雨~多云,东南风3级,0
2019-05-25,33,25,多云~阵雨,东南风4级,0
2019-05-26,33,25,阵雨,东南风3级,0
2019-05-27,30,24,中雨~小雨,东南风2级,0
2019-05-28,28,22,暴雨~大雨,东北风3级,0
2019-05-29,28,23,中雨~阵雨,东北风2级,0
2019-05-30,29,22,阴,东北风2级,0
2019-05-31,30,23,阵雨,东北风1级,0
2019-06-01,26,23,中雨,西北风2级,0
2019-06-02,27,22,小雨~多云,西北风1级,0
2019-06-03,32,24,多云,东南风2级,0
2019-06-04,31,25,阵雨,东南风3级,0
2019-06-05,31,25,阵雨~多云,东南风3级,0
2019-06-06,33,25,多云,东南风3级,0
2019-06-07,34,26,多云,东南风3级,0
2019-06-08,34,26,阵雨~多云,东南风3级,0
2019-06-09,34,26,多云~雷阵雨,东南风3级,0
2019-06-10,31,25,中雨~大雨,东南风2级,0
2019-06-11,30,25,小雨,东南风2级,0
2019-06-12,33,25,阵雨~大雨,东南风2级,0
2019-06-13,31,24,阵雨~多云,东南风2级,0
2019-06-14,34,26,多云,东北风2级,0
2019-06-15,33,26,阵雨,东南风3级,0
2019-06-16,31,26,中雨~阵雨,东南风4级,0
2019-06-17,32,26,中雨~阵雨,东南风4级,0
2019-06-18,33,26,阵雨~多云,东南风3级,0
2019-06-19,34,26,阵雨~多云,东南风3级,0
2019-06-20,34,27,阵雨~多云,东南风3级,0
2019-06-21,35,27,多云,东南风3级,0
2019-06-22,35,27,多云~阴,东南风3级,0
2019-06-23,35,25,阵雨~中雨,东南风2级,0
2019-06-24,30,24,中雨,东南风2级,0
2019-06-25,31,25,阵雨,东南风2级,0
2019-06-26,32,26,阵雨,东南风2级,0
2019-06-27,34,26,多云,东南风3级,0
2019-06-28,35,27,多云,东南风3级,0
2019-06-29,34,26,中雨~大雨,东南风3级,0
2019-06-30,33,25,中雨,东北风2级,0
2019-07-01,34,26,阵雨~多云,西北风2级,0
2019-07-02,34,26,多云,东北风2级,0
2019-07-03,35,25,中雨,东北风3级,0
2019-07-04,31,25,大雨~中雨,东南风3级,0
2019-07-05,33,26,阵雨~多云,东南风3级,0
2019-07-06,33,27,阵雨~多云,东南风2级,0
2019-07-07,34,27,阵雨~多云,东南风3级,0
2019-07-08,33,26,阵雨~中雨,东南风3级,0
2019-07-09,30,24,大雨~中雨,西北风2级,0
2019-07-10,28,24,阵雨~阴,东北风1级,0
2019-07-11,32,26,阵雨~多云,东南风2级,0
2019-07-12,33,26,多云,东南风3级,0
2019-07-13,34,26,阵雨~中雨,东南风2级,0
2019-07-14,30,25,阵雨,西北风2级,0
2019-07-15,31,24,阵雨~多云,东南风2级,0
2019-07-16,33,26,阵雨~多云,东南风3级,0
2019-07-17,34,26,多云,东南风2级,0
2019-07-18,35,26,多云,西南风2级,0
2019-07-19,35,27,阵雨,东南风2级,0
2019-07-20,34,25,中雨~阵雨,东南风2级,0
2019-07-21,34,26,阵雨~多云,东南风3级,0
2019-07-22,34,24,阵雨,东南风3级,0
2019-07-23,32,25,中雨,东南风3级,0
2019-07-24,32,25,阵雨~多云,东南风3级,0
2019-07-25,34,26,阵雨~多云,东南风3级,0
2019-07-26,35,26,多云,东南风3级,0
2019-07-27,35,26,多云,东南风3级,0
2019-07-28,35,26,多云,东南风3级,0
2019-07-29,34,25,多云,东南风3级,0
2019-07-30,33,25,阵雨~多云,东南风2级,0
2019-07-31,34,24,阵雨,东北风2级,0
2019-08-01,30,23,中雨~暴雨,东北风3级,0
2019-08-02,27,23,大雨,东北风4级,0
2019-08-03,28,24,中雨~阵雨,东北风4级,0
2019-08-04,32,25,阵雨,东北风2级,0
2019-08-05,34,26,阵雨~多云,东南风2级,0
2019-08-06,35,26,多云,东南风1级,0
2019-08-07,36,27,多云,西北风1级,0
2019-08-08,36,27,多云,东南风2级,0
2019-08-09,35,26,阵雨,西北风1级,0
2019-08-10,36,27,阵雨~多云,西南风1级,0
2019-08-11,36,27,多云,西南风2级,0
2019-08-12,36,27,多云,东南风2级,0
2019-08-13,37,27,多云,东南风2级,0
2019-08-14,37,26,多云~阵雨,东南风2级,0
2019-08-15,34,26,阵雨,西南风2级,0
2019-08-16,34,26,阵雨,东南风2级,0
2019-08-17,33,25,阵雨,东南风2级,0
2019-08-18,31,25,阴,东南风2级,0
2019-08-19,34,25,多云,东北风2级,0
2019-08-20,34,26,多云,东南风2级,0
2019-08-21,34,25,阵雨,东南风2级,0
2019-08-22,32,25,阵雨,东南风2级,0
2019-08-23,35,26,多云,东北风2级,0
2019-08-24,36,26,多云,东北风2级,0
2019-08-25,36,26,多云,西北风2级,0
2019-08-26,33,26,阵雨,西南风2级,0
2019-08-27,32,24,阵雨~多云,东南风2级,0
2019-08-28,34,26,多云,东南风1级,0
2019-08-29,36,26,多云~小雨,东北风3级,0
2019-08-30,31,25,中雨,东北风3级,0
2019-08-31,31,24,中雨,东北风2级,0
2019-09-01,32,24,阵雨~多云,东北风2级,0
2019-09-02,32,24,多云,东北风3级,0
2019-09-03,33,25,多云,东北风3级,0
2019-09-04,32,25,多云,东北风3级,0
2019-09-05,34,25,多云,东北风2级,0
2019-09-06,34,26,多云,西北风1级,0
2019-09-07,35,26,多云,东南风2级,0
2019-09-08,35,26,多云,东南风3级,0
2019-09-09,33,25,阵雨,东南风3级,0
2019-09-10,32,25,阵雨,东南风2级,0
2019-09-11,33,24,阵雨~多云,东南风2级,0
2019-09-12,34,25,多云,东南风1级,0
2019-09-13,35,26,多云,西南风1级,0
2019-09-14,35,26,多云,东南风2级,0
2019-09-15,34,25,多云,东南风1级,0
2019-09-16,34,25,多云,东南风2级,0
2019-09-17,34,25,多云,东北风2级,0
2019-09-18,34,25,多云,东北风2级,0
2019-09-19,34,24,多云,东北风2级,0
2019-09-20,34,24,多云,东北风2级,0
2019-09-21,33,22,多云,西北风3级,0
2019-09-22,31,20,多云,东北风3级,0
2019-09-23,33,21,多云,东北风2级,0
2019-09-24,33,22,晴,东北风2级,0
2019-09-25,34,22,晴,东北风2级,0
2019-09-26,34,22,多云,西北风2级,0
2019-09-27,34,23,多云~晴,西北风2级,0
2019-09-28,34,23,晴,西北风1级,0
2019-09-29,32,21,晴,西北风1级,0
2019-09-30,34,24,多云,东北风1级,0
2019-10-01,35,23,晴,东南风2级,0
2019-10-02,35,24,晴~多云,东南风2级,0
2019-10-03,35,23,多云,东南风2级,0
2019-10-04,34,24,多云,东南风3级,0
2019-10-05,34,24,多云,东南风2级,0
2019-10-06,34,24,多云,东南风2级,0
2019-10-07,31,23,阵雨~中雨,东北风2级,0
2019-10-08,29,23,阵雨~多云,东北风2级,0
2019-10-09,33,23,多云,东南风2级,0
2019-10-10,33,24,多云,东南风3级,0
2019-10-11,32,23,多云,东南风2级,0
2019-10-12,33,23,多云~小雨,东南风2级,0
2019-10-13,30,22,多云,东北风2级,0
2019-10-14,30,22,多云,东北风3级,0
2019-10-15,30,22,多云,东北风2级,0
2019-10-16,31,22,多云,东北风2级,0
2019-10-17,29,20,阴~多云,东北风2级,0
2019-10-18,29,21,多云,东北风2级,0
2019-10-19,30,21,多云,东北风2级,0
2019-10-20,31,22,多云,东南风1级,0
2019-10-21,32,23,多云,东南风2级,0
2019-10-22,31,23,多云~阴,东南风3级,0
2019-10-23,26,19,中雨~小雨,东南风3级,0
2019-10-24,24,18,阴,东北风2级,0
2019-10-25,24,19,阴,东北风2级,0
2019-10-26,26,18,多云,东北风2级,0
2019-10-27,24,18,阴~小雨,东北风2级,0
2019-10-28,20,15,小雨~多云,西北风3级,0
2019-10-29,26,15,多云,东北风2级,0
2019-10-30,29,16,晴,东北风2级,0
2019-10-31,29,20,晴~多云,东北风2级,0
2019-11-01,25,20,小雨~阴,西北风1级,0
2019-11-02,29,20,阴~多云,西北风1级,0
2019-11-03,30,20,多云~晴,东北风2级,0
2019-11-04,30,17,晴,东北风3级,0
2019-11-05,29,17,晴,东北风2级,0
2019-11-06,28,18,多云,东北风1级,0
2019-11-07,28,16,晴,东北风2级,0
2019-11-08,27,16,晴,东北风3级,0
2019-11-09,29,16,晴,东北风1级,0
2019-11-10,29,17,晴,东北风2级,0
2019-11-11,30,19,多云,东南风2级,0
2019-11-12,28,18,多云~阴,东南风3级,0
2019-11-13,25,17,小雨~阴,东北风3级,0
2019-11-14,24,16,阴~多云,东北风2级,0
2019-11-15,27,18,多云,东南风2级,0
2019-11-16,28,20,多云,东南风3级,0
2019-11-17,27,13,阴~小雨,东南风3级,0
2019-11-18,22,12,小雨~多云,东北风3级,0
2019-11-19,18,12,多云,东北风2级,0
2019-11-20,23,15,多云,西北风1级,0
2019-11-21,22,14,多云,西北风1级,0
2019-11-22,26,15,多云,东北风1级,0
2019-11-23,28,16,多云,东南风2级,0
2019-11-24,27,17,多云,东南风2级,0
2019-11-25,26,13,多云,东北风2级,0
2019-11-26,24,15,多云~小雨,东北风2级,0
2019-11-27,19,12,小雨,东北风2级,0
2019-11-28,21,12,多云,东北风2级,0
2019-11-29,20,11,多云~阴,东北风2级,0
2019-11-30,18,14,阴,东北风2级,0
2019-12-01,19,11,小雨~阴,东北风2级,0
2019-12-02,20,11,多云~晴,东北风2级,0
2019-12-03,22,10,晴,东北风2级,0
2019-12-04,22,10,晴,东北风2级,0
2019-12-05,22,9,晴,西北风3级,0
2019-12-06,22,9,晴,东北风3级,0
2019-12-07,22,9,晴,东北风2级,0
2019-12-08,23,11,晴~多云,西北风2级,0
2019-12-09,23,10,晴,西北风1级,0
2019-12-10,24,10,晴,西北风1级,0
2019-12-11,24,10,晴,西北风1级,0
2019-12-12,24,13,多云,东南风1级,0
2019-12-13,26,14,多云,东南风2级,0
2019-12-14,25,17,多云,东南风2级,0
2019-12-15,25,18,阴,东南风3级,0
2019-12-16,26,18,阴,东南风3级,0
2019-12-17,27,20,阴,东南风3级,0
2019-12-18,24,10,小雨,东南风3级,0
2019-12-19,15,11,小雨,东北风2级,0
2019-12-20,14,11,小雨,东北风2级,0
2019-12-21,17,11,阴~小雨,东北风2级,0
2019-12-22,15,10,阴,东北风2级,0
2019-12-23,19,12,阴~小雨,东北风2级,0
2019-12-24,20,16,阴,东北风1级,0
2019-12-25,22,14,多云~阴,东南风3级,0
2019-12-26,19,11,小雨~多云,东北风3级,0
2019-12-27,16,10,阴~多云,西北风2级,0
2019-12-28,17,12,多云~阴,东南风1级,0
2019-12-29,24,15,多云,东南风1级,0
2019-12-30,23,15,多云~阴,东北风1级,0
2019-12-31,24,14,阴~多云,东北风2级,0
2020-01-01,25,17,多云,东南风2级,0
2020-01-02,21,17,阴~多云,东南风3级,0
2020-01-03,23,18,小雨~阴,东南风3级,0
2020-01-04,26,18,阴~多云,东南风3级,0
2020-01-05,24,18,多云,东南风3级,0
2020-01-06,26,19,阴~多云,东南风3级,0
2020-01-07,28,18,多云,东南风2级,0
2020-01-08,24,18,雾~多云,东南风3级,0
2020-01-09,25,19,阴,东南风3级,0
2020-01-10,27,16,阴~小雨,东南风3级,0
2020-01-11,17,9,小雨,东北风3级,0
2020-01-12,18,11,阴~多云,东北风2级,0
2020-01-13,16,14,阴~小雨,东南风2级,0
2020-01-14,13,10,小雨,东北风2级,0
2020-01-15,18,14,小雨~阴,东南风3级,0
2020-01-16,16,9,小雨~阴,东北风3级,0
2020-01-17,12,9,阴~小雨,东北风2级,0
2020-01-18,10,8,阴~小雨,东北风2级,0
2020-01-19,13,11,阴~小雨,东北风2级,0
2020-01-20,15,10,小雨~阴,东北风2级,0
2020-01-21,16,11,小雨~阴,东南风3级,0
2020-01-22,22,18,小雨~阴,东南风3级,0
2020-01-23,25,16,阴~多云,东南风3级,0
2020-01-24,23,12,小雨~中雨,东南风3级,0
2020-01-25,11,6,中雨~小雨,西北风3级,0
2020-01-26,13,7,多云,西北风3级,0
2020-01-27,13,8,多云,东北风2级,0
2020-01-28,14,7,多云,东北风2级,0
2020-01-29,14,8,多云,东北风2级,0
2020-01-30,20,9,多云,东北风2级,0
2020-01-31,20,12,多云,东南风3级,0
2020-02-01,15,13,阴,东南风2级,0
2020-02-02,19,12,阴~小雨,东南风3级,0
2020-02-03,12,9,中雨~小雨,东北风2级,0
2020-02-04,12,11,小雨,东北风2级,0
2020-02-05,12,12,小雨,东北风1级,0
2020-02-06,15,11,小雨,东南风2级,0
2020-02-07,14,11,小雨,东北风2级,0
2020-02-08,11,10,小雨,东北风2级,0
2020-02-09,12,11,小雨~阴,东北风2级,0
2020-02-10,16,14,阴,东南风2级,0
2020-02-11,18,16,阴,东南风3级,0
2020-02-12,20,17,阴~阵雨,东南风3级,0
2020-02-13,22,18,小雨~阵雨,东南风3级,0
2020-02-14,23,16,阴~小雨,东南风3级,0
2020-02-15,29,10,阴~小雨,东南风3级,0
2020-02-16,16,9,多云,东北风3级,0
2020-02-17,19,9,小雨~多云,东北风3级,0
2020-02-18,20,11,阴~多云,东北风2级,0
2020-02-19,16,14,阴,东南风2级,0
2020-02-20,20,14,小雨~阴,东南风2级,0
2020-02-21,26,16,小雨~多云,东南风2级,0
2020-02-22,26,16,多云,东北风1级,0
2020-02-23,26,16,阴~多云,东南风2级,0
2020-02-24,25,17,多云,东南风3级,0
2020-02-25,26,17,阴~多云,东南风2级,0
2020-02-26,27,18,阴~多云,东南风2级,0
2020-02-27,28,19,阴,东南风3级,0
2020-02-28,20,19,小雨~阴,东南风3级,0
2020-02-29,24,19,小雨~多云,东南风3级,0
2020-03-01,24,19,小雨~阴,东南风2级,0
2020-03-02,19,17,小雨,东南风3级,0
2020-03-03,24,13,小雨~中雨,东南风3级,0
2020-03-04,14,11,大雨~小雨,东北风2级,0
2020-03-05,15,14,阴~小雨,东北风2级,0
2020-03-06,18,13,小雨~阴,东南风3级,0
2020-03-07,25,20,雾~多云,东南风3级,0
2020-03-08,29,21,阴~多云,东南风3级,0
2020-03-09,30,18,多云~阴,东南风3级,0
2020-03-10,25,16,多云,东北风3级,0
2020-03-11,20,19,阴~小雨,东南风3级,0
2020-03-12,22,19,雾~阴,东南风3级,0
2020-03-13,26,17,阴,东北风2级,0
2020-03-14,25,17,多云,东北风2级,0
2020-03-15,19,17,阴~小雨,东南风2级,0
2020-03-16,17,16,小雨,东南风3级,0
2020-03-17,18,16,大雨~小雨,东风3级,0
2020-03-18,16,15,小雨,东北风2级,0
2020-03-19,19,16,中雨~阴,西北风2级,0
2020-03-20,20,18,小雨~阴,东南风2级,0
2020-03-21,26,21,小雨~阴,东南风3级,0
2020-03-22,28,20,中雨~阵雨,东南风2级,0
2020-03-23,28,21,多云~阴,东南风2级,0
2020-03-24,26,21,小雨~雷阵雨,东南风3级,0
2020-03-25,21,19,大暴雨~阵雨,东南风4级,0
2020-03-26,27,21,雾~阴,东南风3级,0
2020-03-27,28,17,阴~阵雨,东南风3级,0
2020-03-28,20,16,阴~小雨,东北风3级,0
2020-03-29,18,14,阴~小雨,东南风2级,0
2020-03-30,14,12,小雨,东北风2级,0
2020-03-31,14,13,小雨~阴,东北风2级,0
2020-04-01,17,15,阴~小雨,东北风2级,0
2020-04-02,18,14,小雨,东北风2级,0
2020-04-03,18,14,小雨,东北风2级,0
2020-04-04,17,13,小雨~中雨,东北风2级,0
2020-04-05,18,14,小雨,东北风2级,0
2020-04-06,19,15,阴~小雨,东北风2级,0
2020-04-07,24,17,多云~阴,西北风1级,0
2020-04-08,24,16,小雨~多云,东北风2级,0
2020-04-09,27,20,阴~多云,东南风2级,0
2020-04-10,23,20,小雨,东南风4级,0
2020-04-11,30,15,阴~小雨,东南风3级,0
2020-04-12,23,13,多云,东北风3级,0
2020-04-13,20,14,阴~多云,东南风2级,0
2020-04-14,25,14,阴~晴,东南风2级,0
2020-04-15,27,18,阴~多云,东南风3级,0
2020-04-16,23,20,阴~多云,东南风3级,0
2020-04-17,23,21,小雨~阴,东南风3级,0
2020-04-18,27,22,小雨~阴,东南风3级,0
2020-04-19,29,23,阴~多云,东南风2级,0
2020-04-20,29,22,阴~多云,东南风3级,0
2020-04-21,31,19,多云~小雨,东南风3级,0
2020-04-22,18,14,大雨~小雨,东北风2级,0
2020-04-23,17,15,小雨~阵雨,东北风2级,0
2020-04-24,16,14,小雨,西北风2级,0
2020-04-25,22,16,阴,西北风1级,0
2020-04-26,25,16,阴~多云,西北风2级,0
2020-04-27,30,18,小雨~多云,北风2级,0
2020-04-28,32,21,多云,东南风2级,0
2020-04-29,30,21,多云,东南风3级,0
2020-04-30,30,22,阴,东南风3级,0
2020-05-01,28,23,阴~多云,东南风2级,0
2020-05-02,30,23,阴~多云,东南风2级,0
2020-05-03,32,24,多云,东南风2级,0
2020-05-04,34,25,多云,东南风3级,0
2020-05-05,35,24,晴,东南风3级,0
2020-05-06,35,25,多云~晴,东南风3级,0
2020-05-07,35,26,晴,东南风3级,0
2020-05-08,36,26,晴,东南风3级,0
2020-05-09,36,25,阴~多云,东南风3级,0
2020-05-10,35,25,阴~多云,东风2级,0
2020-05-11,34,23,阴~小雨,东南风3级,0
2020-05-12,30,23,阴~多云,东北风2级,0
2020-05-13,31,25,多云~雷阵雨,东南风3级,0
2020-05-14,31,26,阴~多云,东南风3级,0
2020-05-15,32,25,阴~多云,东南风3级,0
2020-05-16,33,24,阴~多云,东南风3级,0
2020-05-17,28,24,小雨~大雨,东南风2级,0
2020-05-18,30,24,中雨~多云,东风1级,0
2020-05-19,33,25,阴~多云,东南风2级,0
2020-05-20,32,26,小雨~多云,东南风3级,0
2020-05-21,36,24,阴~暴雨,东南风2级,0
2020-05-22,30,23,小雨~多云,北风2级,0
2020-05-23,32,25,小雨~多云,东北风2级,0
2020-05-24,34,25,阴~雷阵雨,东南风2级,0
2020-05-25,33,24,阴~小雨,东南风3级,0
2020-05-26,26,23,阴~多云,北风2级,0
2020-05-27,30,23,阴~多云,西北风2级,0
2020-05-28,32,25,多云,北风2级,0
2020-05-29,32,25,阴~多云,东南风2级,0
2020-05-30,35,26,阴~多云,东南风2级,0
2020-05-31,35,26,阴~多云,东南风3级,0
2020-06-01,33,26,小雨~阵雨,东南风3级,0
2020-06-02,33,26,阴~多云,东南风3级,0
2020-06-03,32,26,暴雨~多云,东南风3级,0
2020-06-04,32,26,阴~多云,东南风3级,0
2020-06-05,27,24,大雨~中雨,东南风3级,0
2020-06-06,33,26,小雨,东南风3级,0
2020-06-07,33,26,阴~阵雨,东南风3级,0
2020-06-08,34,26,阴~阵雨,东南风3级,0
2020-06-09,32,26,小雨,东南风3级,0
2020-06-10,33,26,中雨~多云,东南风2级,0
2020-06-11,33,27,阴~多云,东南风3级,0
2020-06-12,33,27,阴~多云,东南风3级,0
2020-06-13,34,27,阴~多云,东南风3级,0
2020-06-14,33,25,中雨~大雨,东南风2级,0
2020-06-15,30,25,大雨~多云,东南风3级,0
2020-06-16,29,26,阴~阵雨,东南风3级,0
2020-06-17,31,26,阴~多云,东南风4级,0
2020-06-18,32,26,小雨~多云,东南风3级,0
2020-06-19,34,26,小雨~多云,东南风3级,0
2020-06-20,32,26,阴~多云,东南风3级,0
2020-06-21,33,27,阴~多云,东南风3级,0
2020-06-22,33,27,阴~多云,东南风4级,0
2020-06-23,34,27,阴~多云,东南风3级,0
2020-06-24,34,27,阴~雷阵雨,东南风3级,0
2020-06-25,26,25,大雨~中雨,东南风2级,0
2020-06-26,32,27,小雨~多云,东南风3级,0
2020-06-27,33,27,多云,东南风4级,0
2020-06-28,33,26,阴~多云,东南风3级,0
2020-06-29,33,27,阴~多云,东南风3级,0
2020-06-30,34,27,阴~多云,东南风3级,0
2020-07-01,35,27,阴~多云,东南风3级,0
2020-07-02,34,27,阴~多云,东南风3级,0
2020-07-03,31,26,阴~多云,东南风3级,0
2020-07-04,33,26,中雨~多云,东南风3级,0
2020-07-05,32,26,阴~多云,东南风3级,0
2020-07-06,32,27,小雨~多云,东南风3级,0
2020-07-07,32,27,阴~多云,东南风3级,0
2020-07-08,34,27,阴~多云,东南风3级,0
2020-07-09,34,28,阴~多云,东南风3级,0
2020-07-10,32,28,阴~多云,东南风3级,0
2020-07-11,32,27,阴~多云,南风3级,0
2020-07-12,34,27,阴~多云,南风3级,0
2020-07-13,34,26,多云,东南风3级,0
2020-07-14,36,27,晴~多云,东南风2级,0
2020-07-15,36,26,多云,东南风2级,0
2020-07-16,35,26,多云,东南风3级,0
2020-07-17,35,26,阴~多云,东南风3级,0
2020-07-18,34,27,阴~多云,东南风3级,0
2020-07-19,33,26,小雨~中雨,东南风3级,0
2020-07-20,31,26,阴~多云,东南风3级,0
2020-07-21,34,26,阴~多云,东南风3级,0
2020-07-22,36,26,多云,东南风3级,0
2020-07-23,36,26,多云~晴,东南风3级,0
2020-07-24,36,26,晴~多云,东南风2级,0
2020-07-25,36,26,阴~多云,东南风2级,0
2020-07-26,36,27,多云,东南风2级,0
2020-07-27,33,26,阴~阵雨,东南风2级,0
2020-07-28,34,26,阴~多云,南风2级,0
2020-07-29,35,26,阴~多云,东南风2级,0
2020-07-30,34,27,小雨~多云,东南风2级,0
2020-07-31,36,26,阴~多云,东北风2级,0
2020-08-01,32,25,阴~中雨,东北风4级,0
2020-08-02,29,24,中雨,东北风3级,0
2020-08-03,31,24,阴~阵雨,东南风3级,0
2020-08-04,34,25,阴~小雨,东南风2级,0
2020-08-05,31,25,中雨,东南风3级,0
2020-08-06,30,25,小雨~阵雨,东南风3级,0
2020-08-07,28,25,大雨~阵雨,东南风3级,0
2020-08-08,34,26,小雨~多云,东南风2级,0
2020-08-09,34,26,阴~多云,东南风2级,0
2020-08-10,35,26,多云,东南风3级,0
2020-08-11,34,26,阴~多云,东南风4级,0
2020-08-12,33,26,小雨~阵雨,东南风3级,0
2020-08-13,32,25,中雨~阵雨,东南风3级,0
2020-08-14,30,25,阴~多云,东南风3级,0
2020-08-15,31,25,多云~阵雨,东南风3级,0
2020-08-16,28,24,小雨~大雨,东南风3级,0
2020-08-17,25,23,中雨,东南风3级,0
2020-08-18,31,24,阴,东风2级,0
2020-08-19,33,24,阴~大雨,东北风2级,0
2020-08-20,28,24,大雨~中雨,东南风3级,0
2020-08-21,32,24,阴~多云,东南风2级,0
2020-08-22,34,25,多云,东南风2级,0
2020-08-23,35,25,晴~多云,东南风2级,0
2020-08-24,35,26,多云,东南风2级,0
2020-08-25,34,25,阴~阵雨,南风2级,0
2020-08-26,35,25,阴~多云,东北风2级,0
2020-08-27,36,25,多云,北风2级,0
2020-08-28,36,25,多云,东南风2级,0
2020-08-29,36,25,多云~晴,东南风2级,0
2020-08-30,37,26,阴~晴,东南风2级,0
2020-08-31,37,26,晴,东北风2级,0
2020-09-01,37,27,晴,北风2级,0
2020-09-02,37,27,小雨~多云,东北风2级,0
2020-09-03,37,26,多云,东风2级,0
2020-09-04,34,26,大雨~多云,东南风2级,0
2020-09-05,36,26,阴~多云,东南风3级,0
2020-09-06,33,25,阴~阵雨,东南风3级,0
2020-09-07,28,25,小雨~中雨,东北风2级,0
2020-09-08,29,24,大雨~阵雨,东南风2级,0
2020-09-09,31,25,小雨~多云,东南风2级,0
2020-09-10,33,25,大雨~阵雨,东南风2级,0
2020-09-11,32,25,阴~小雨,东南风3级,0
2020-09-12,32,25,阴~多云,东南风2级,0
2020-09-13,33,25,阴~多云,东风2级,0
2020-09-14,33,25,多云,东南风2级,0
2020-09-15,33,25,多云,东南风2级,0
2020-09-16,34,26,多云,东南风3级,0
2020-09-17,35,23,多云~阵雨,东风3级,0
2020-09-18,26,23,阴~中雨,东北风3级,0
2020-09-19,27,24,小雨~阵雨,东北风2级,0
2020-09-20,29,24,小雨~多云,东北风2级,0
2020-09-21,31,25,阴~多云,东南风2级,0
2020-09-22,32,25,中雨~小雨,东南风3级,0
2020-09-23,31,22,中雨~小雨,东北风2级,0
2020-09-24,28,22,多云,北风2级,0
2020-09-25,30,24,阴~多云,东风2级,0
2020-09-26,33,22,小雨~阵雨,东风2级,0
2020-09-27,24,22,阴~多云,北风2级,0
2020-09-28,27,23,多云,东北风2级,0
2020-09-29,31,23,多云~阴,东南风2级,0
2020-09-30,27,23,小雨~阴,东北风2级,0
2020-10-01,30,24,阴~多云,东风2级,0
2020-10-02,30,24,阴~阵雨,东南风2级,0
2020-10-03,32,25,阴~多云,东南风3级,0
2020-10-04,34,22,阴~阵雨,东南风2级,0
2020-10-05,27,19,阴~多云,东北风2级,0
2020-10-06,21,18,阴~多云,东北风2级,0
2020-10-07,24,17,晴~多云,东北风2级,0
2020-10-08,23,18,晴~多云,东北风2级,0
2020-10-09,22,18,多云,东北风2级,0
2020-10-10,25,18,晴~多云,东北风2级,0
2020-10-11,26,21,多云,东北风2级,0
2020-10-12,30,20,多云,东北风2级,0
2020-10-13,27,20,阴~小雨,东北风3级,0
2020-10-14,24,19,中雨~大雨,东北风4级,0
2020-10-15,24,18,小雨~阴,东北风3级,0
2020-10-16,26,18,阴~多云,北风3级,0
2020-10-17,22,18,阴~多云,北风3级,0
2020-10-18,25,18,多云,东北风3级,0
2020-10-19,22,17,阴,北风3级,0
2020-10-20,25,17,阴~多云,西北风3级,0
2020-10-21,26,17,小雨~多云,西北风3级,0
2020-10-22,27,17,多云~晴,北风3级,0
2020-10-23,28,17,中雨~多云,北风3级,0
2020-10-24,28,19,多云,北风2级,0
2020-10-25,25,21,阴~小雨,北风1级,0
2020-10-26,29,21,阴~多云,西北风2级,0
2020-10-27,30,21,多云,北风2级,0
2020-10-28,30,19,阴~小雨,东北风3级,0
2020-10-29,21,19,阴,北风3级,0
2020-10-30,19,18,小雨~阴,西北风2级,0
2020-10-31,27,20,阴~多云,东北风1级,0
2020-11-01,28,20,阴,东风1级,0
2020-11-02,20,17,阴,西北风3级,0
2020-11-03,23,18,晴~多云,西北风2级,0
2020-11-04,25,19,阴~多云,西北风2级,0
2020-11-05,28,20,多云,东北风1级,0
2020-11-06,26,20,多云~阴,北风2级,0
2020-11-07,27,18,晴,西北风2级,0
2020-11-08,28,18,晴,东北风3级,0
2020-11-09,27,16,晴,北风2级,0
2020-11-10,27,17,晴,北风2级,0
2020-11-11,27,17,晴,北风2级,0
2020-11-12,28,17,晴,西北风2级,0
2020-11-13,28,16,晴,北风2级,0
2020-11-14,26,18,多云~小雨,北风2级,0
2020-11-15,21,19,阴,西北风2级,0
2020-11-16,24,19,阴~多云,东南风1级,0
2020-11-17,25,21,多云~阴,东南风3级,0
2020-11-18,28,21,小雨~多云,南风3级,0
2020-11-19,27,21,小雨~多云,东南风2级,0
2020-11-20,28,21,小雨~多云,东南风3级,0
2020-11-21,29,20,多云,东南风3级,0
2020-11-22,30,16,阴~小雨,东风2级,0
2020-11-23,18,14,阴~小雨,东北风2级,0
2020-11-24,19,15,小雨~阴,东北风2级,0
2020-11-25,25,17,多云~阴,东南风2级,0
2020-11-26,25,16,阴~多云,东北风2级,0
2020-11-27,17,12,多云,北风2级,0
2020-11-28,17,12,晴~阴,北风2级,0
2020-11-29,18,11,阴~多云,北风2级,0
2020-11-30,19,11,晴~多云,东北风2级,0
2020-12-01,18,12,多云,东北风2级,0
2020-12-02,21,12,阴~多云,东北风2级,0
2020-12-03,18,9,阴~多云,东北风2级,0
2020-12-04,15,8,阴~多云,东北风2级,0
2020-12-05,18,7,晴,东北风2级,0
2020-12-06,19,10,晴,东北风2级,0
2020-12-07,20,10,小雨~多云,东北风2级,0
2020-12-08,19,10,晴~多云,东北风2级,0
2020-12-09,20,10,晴~多云,东北风1级,0
2020-12-10,22,13,阴~多云,东北风2级,0
2020-12-11,24,16,阴~多云,东北风2级,0
2020-12-12,24,16,阴~多云,东风2级,0
2020-12-13,22,12,阴~小雨,东风2级,0
2020-12-14,12,6,阴,东北风3级,0
2020-12-15,7,6,小雨,东北风2级,0
2020-12-16,8,6,小雨~阴,东北风2级,0
2020-12-17,7,5,小雨,东北风2级,0
2020-12-18,10,7,阴,北风2级,0
2020-12-19,12,8,阴,东北风3级,0
2020-12-20,15,8,多云~晴,北风3级,0
2020-12-21,18,9,多云,北风2级,0
2020-12-22,19,13,多云~阴,北风2级,0
2020-12-23,15,12,小雨,东北风1级,0
2020-12-24,20,12,阴~多云,北风2级,0
2020-12-25,20,13,阴~小雨,东北风2级,0
2020-12-26,16,14,小雨,东南风2级,0
2020-12-27,19,15,小雨~阴,东风2级,0
2020-12-28,25,14,阴,东南风3级,0
2020-12-29,22,9,阴,东南风3级,0
2020-12-30,14,6,阴~多云,东北风3级,0
2020-12-31,15,6,多云~晴,东北风3级,0
2021-01-01,16,6,晴,东北风2级,0
2021-01-02,18,8,晴,东风1级,0
2021-01-03,20,10,晴~多云,东北风2级,0
2021-01-04,19,12,多云,东北风2级,0
2021-01-05,18,12,阴,东北风2级,0
2021-01-06,14,9,阴,东北风2级,0
2021-01-07,8,4,小雨~阴,东北风3级,0
2021-01-08,6,5,阴,东北风3级,0
2021-01-09,9,7,阴,东北风2级,0
2021-01-10,10,7,阴,东北风2级,0
2021-01-11,11,6,阴~多云,东北风3级,0
2021-01-12,17,8,多云,北风2级,0
2021-01-13,20,10,晴~多云,东南风2级,0
2021-01-14,21,10,晴~多云,东南风微风,0
2021-01-15,22,13,多云,东南风微风,0
2021-01-16,21,10,多云~阴,东南风2级,0
2021-01-17,14,7,阴,东北风3级,0
2021-01-18,19,8,晴,北风2级,0
2021-01-19,20,9,晴~多云,东南风2级,0
2021-01-20,20,14,多云~小雨,东南风3级,0
2021-01-21,21,15,阴,东南风1级,0
2021-01-22,22,13,阴~多云,西北风微风,0
2021-01-23,23,14,晴~多云,西南风1级,0
2021-01-24,23,17,阴~多云,东南风3级,0
2021-01-25,22,13,阴,东南风3级,0
2021-01-26,19,13,阴,东北风2级,0
2021-01-27,23,13,阴,东南风2级,0
2021-01-28,18,12,小雨~多云,东北风2级,0
2021-01-29,20,14,阴~多云,东风2级,0
2021-01-30,21,15,阴,东南风2级,0
2021-01-31,21,16,阴,东南风3级,0
2021-02-01,21,16,阴,东南风3级,0
2021-02-02,24,16,阴~多云,东南风2级,0
2021-02-03,24,15,阴~多云,东南风3级,0
2021-02-04,25,16,多云,东南风3级,0
2021-02-05,26,15,晴~多云,东南风3级,0
2021-02-06,26,15,晴~多云,东南风微风,0
2021-02-07,28,16,晴~多云,东南风微风,0
2021-02-08,25,14,阴~小雨,东北风2级,0
2021-02-09,13,11,暴雨~小雨,东北风3级,0
2021-02-10,19,12,多云,西北风2级,0
2021-02-11,21,13,多云~晴,东北风微风,0
2021-02-12,24,13,多云~晴,东北风2级,0
2021-02-13,24,14,多云~晴,东南风2级,0
2021-02-14,26,15,多云,东南风微风,0
2021-02-15,27,17,多云,东南风3级,0
2021-02-16,25,16,阴,东南风2级,0
2021-02-17,24,14,阴~多云,东北风2级,0
2021-02-18,24,14,多云,东北风2级,0
2021-02-19,23,14,多云~晴,东北风1级,0
2021-02-20,26,15,晴,东南风2级,0
2021-02-21,27,16,多云,东南风3级,0
2021-02-22,28,17,多云,东南风2级,0
2021-02-23,28,18,阴~多云,东南风2级,0
2021-02-24,25,19,阴,东南风4级,0
2021-02-25,21,16,阴~小雨,东南风3级,0
2021-02-26,21,13,小雨,东风3级,0
2021-02-27,13,12,阴~小雨,东北风2级,0
2021-02-28,18,11,小雨~阴,东南风3级,0
2021-03-01,21,13,小雨~阴,东南风3级,0
2021-03-02,21,14,阴~多云,东北风2级,0
2021-03-03,14,11,小雨,东北风2级,0
2021-03-04,17,11,小雨,东北风2级,0
2021-03-05,19,18,小雨~阴,东南风2级,0
2021-03-06,23,15,阴,东风2级,0
2021-03-07,25,15,多云,东北风2级,0
2021-03-08,18,17,阴~小雨,东南风3级,0
2021-03-09,17,16,阴~小雨,东南风3级,0
2021-03-10,18,15,中雨~阴,东南风3级,0
2021-03-11,17,16,小雨,东风微风,0
2021-03-12,21,17,阴,东风2级,0
2021-03-13,28,18,阴~多云,东风2级,0
2021-03-14,26,19,阴~小雨,东南风3级,0
2021-03-15,24,20,阴,东南风3级,0
2021-03-16,26,21,阴,东南风3级,0
2021-03-17,26,21,阴,东南风3级,0
2021-03-18,29,21,阴,东南风3级,0
2021-03-19,28,21,阴~多云,东南风3级,0
2021-03-20,25,14,阴~小雨,东南风3级,0
2021-03-21,16,13,小雨~阴,东北风3级,0
2021-03-22,17,14,阴~多云,东北风2级,0
2021-03-23,19,14,阴,东北风1级,0
2021-03-24,23,18,阴,东风2级,0
2021-03-25,22,17,小雨,东南风2级,0
2021-03-26,23,20,阴,东南风4级,0
2021-03-27,25,22,阴,东南风3级,0
2021-03-28,29,22,阴~多云,东南风2级,0
2021-03-29,31,23,多云,南风3级,0
2021-03-30,27,23,多云,东南风2级,0
2021-03-31,33,23,多云,东南风3级,0
2021-04-01,33,24,多云,东南风3级,0
2021-04-02,29,24,多云,东南风微风,0
2021-04-03,27,18,阴~小雨,东南风3级,0
2021-04-04,19,16,小雨,东北风2级,0
2021-04-05,18,16,阴,北风2级,0
2021-04-06,25,19,阴~多云,东南风2级,0
2021-04-07,27,18,阴~中雨,东南风3级,0
2021-04-08,20,17,小雨~阴,东北风2级,0
2021-04-09,19,17,阴~小雨,东北风2级,0
2021-04-10,17,16,小雨,东风2级,0
2021-04-11,23,20,小雨~阴,东南风3级,0
2021-04-12,26,22,小雨~阴,东南风3级,0
2021-04-13,28,22,阴,东南风3级,0
2021-04-14,30,23,阴~小雨,东南风3级,0
2021-04-15,24,19,小雨,东风2级,0
2021-04-16,24,19,阴~中雨,东北风2级,0
2021-04-17,22,18,小雨~中雨,东北风2级,0
2021-04-18,19,18,中雨~小雨,东北风1级,0
2021-04-19,21,20,小雨,东风微风,0
2021-04-20,30,22,阴~小雨,东南风3级,0
2021-04-21,29,23,阴~多云,东南风3级,0
2021-04-22,31,24,阴~多云,东南风3级,0
2021-04-23,31,24,多云,东南风3级,0
2021-04-24,25,22,阴~小雨,东南风3级,0
2021-04-25,29,18,阴~中雨,东风3级,0
2021-04-26,19,17,暴雨~小雨,东北风2级,0
2021-04-27,20,18,小雨,北风2级,0
2021-04-28,24,19,阴,北风2级,0
2021-04-29,21,18,阴~多云,西北风2级,0
2021-04-30,30,19,多云,东南风2级,0
2021-05-01,33,23,多云,东南风2级,0
2021-05-02,29,23,中雨~阵雨,东南风3级,0
2021-05-03,30,24,阴~多云,东南风4级,0
2021-05-04,33,21,阴~中雨,东南风微风,0
2021-05-05,25,21,小雨,北风2级,0
2021-05-06,29,23,阴~多云,东南风2级,0
2021-05-07,33,24,阴~多云,东南风微风,0
2021-05-08,33,24,多云,东南风2级,0
2021-05-09,31,24,阴~多云,东南风3级,0
2021-05-10,32,25,阴~多云,东南风3级,0
2021-05-11,34,25,阴~多云,东南风3级,0
2021-05-12,33,25,小雨~多云,东南风3级,0
2021-05-13,29,24,小雨~多云,东南风4级,0
2021-05-14,32,26,阴~多云,东南风4级,0
2021-05-15,33,26,阴~多云,南风微风,0
2021-05-16,33,24,阴~小雨,东南风3级,0
2021-05-17,33,23,阴~阵雨,东南风2级,0
2021-05-18,33,25,大雨~多云,东风2级,0
2021-05-19,32,25,小雨~多云,东南风3级,0
2021-05-20,26,24,小雨~中雨,东风2级,0
2021-05-21,33,26,阴~多云,东南风3级,0
2021-05-22,33,26,阴~多云,东南风4级,0
2021-05-23,33,23,小雨~阵雨,东南风3级,0
2021-05-24,27,22,阴~多云,西北风2级,0
2021-05-25,26,24,小雨~阵雨,北风2级,0
2021-05-26,33,25,阴~多云,东南风2级,0
2021-05-27,33,26,阵雨~多云,东南风2级,0
2021-05-28,34,26,阴~多云,东南风2级,0
2021-05-29,35,26,阴~多云,东南风2级,0
2021-05-30,31,25,阵雨~中雨,东北风2级,0
2021-05-31,34,25,阵雨,东风2级,0
2021-06-01,34,25,阵雨~大雨,东南风2级,0
2021-06-02,32,26,中雨~阵雨,东南风3级,0
2021-06-03,35,23,阴~暴雨,东南风3级,0
2021-06-04,24,20,阴~多云,西北风3级,0
2021-06-05,32,22,多云~晴,西北风2级,0
2021-06-06,35,23,多云~晴,东风1级,0
2021-06-07,34,25,多云,东南风2级,0
2021-06-08,34,25,阴~多云,东南风2级,0
2021-06-09,33,25,阴~阵雨,东南风3级,0
2021-06-10,31,26,阴~阵雨,东南风3级,0
2021-06-11,32,25,阴~阵雨,东北风2级,0
2021-06-12,32,25,阴~中雨,东北风3级,0
2021-06-13,33,26,阴~阵雨,东南风3级,0
2021-06-14,32,25,阴~多云,东南风3级,0
2021-06-15,32,26,阴~多云,东南风3级,0
2021-06-16,33,26,阴~多云,东南风3级,0
2021-06-17,34,27,多云,东南风3级,0
2021-06-18,34,27,多云,东南风3级,0
2021-06-19,36,27,阴~多云,东南风3级,0
2021-06-20,36,28,阴~多云,东南风3级,0
2021-06-21,35,25,阴~中雨,东南风2级,0
2021-06-22,32,24,阴~中雨,北风2级,0
2021-06-23,26,24,小雨~中雨,东南风2级,0
2021-06-24,32,25,大雨~多云,东南风2级,0
2021-06-25,31,26,小雨~多云,东南风3级,0
2021-06-26,32,26,阴~多云,东南风3级,0
2021-06-27,34,27,阴~多云,东南风3级,0
2021-06-28,33,26,阴~阵雨,东南风2级,0
2021-06-29,30,26,小雨~中雨,东南风3级,0
2021-06-30,28,26,阴~阵雨,东南风3级,0
2021-07-01,33,27,阴~多云,东南风3级,0
2021-07-02,35,27,阴~多云,东南风3级,0
2021-07-03,35,27,阴~多云,东南风2级,0
2021-07-04,33,26,阴~多云,东南风3级,0
2021-07-05,34,27,阴~多云,东南风3级,0
2021-07-06,35,26,晴~多云,东南风3级,0
2021-07-07,35,25,多云~阵雨,东风3级,0
2021-07-08,32,26,阴~多云,东南风3级,0
2021-07-09,34,26,多云,东南风3级,0
2021-07-10,35,26,阴~多云,东南风2级,0
2021-07-11,34,26,阴~多云,东南风3级,0
2021-07-12,36,26,晴~多云,东南风3级,0
2021-07-13,36,26,晴~多云,东南风3级,0
2021-07-14,35,26,晴~多云,东南风3级,0
2021-07-15,35,26,多云,东南风2级,0
2021-07-16,36,26,多云,东南风2级,0
2021-07-17,36,26,阴~多云,南风2级,0
2021-07-18,36,26,阴~多云,东南风3级,0
2021-07-19,35,26,阴~多云,东南风2级,0
2021-07-20,37,26,阴~阵雨,东风2级,0
2021-07-21,32,25,大雨,西南风1级,0
2021-07-22,31,24,大雨~小雨,东北风2级,0
2021-07-23,33,25,阴~多云,东风2级,0
2021-07-24,35,26,多云,东北风2级,0
2021-07-25,34,26,阴~多云,东北风2级,0
2021-07-26,36,26,阴~多云,西北风2级,0
2021-07-27,34,27,阴~多云,西南风2级,0
2021-07-28,35,26,阴~阵雨,南风2级,0
2021-07-29,35,26,阴~多云,东南风2级,0
2021-07-30,36,27,阴~多云,东南风2级,0
2021-07-31,36,26,阴~阵雨,东南风2级,0
2021-08-01,29,25,小雨~阵雨,西北风2级,0
2021-08-02,35,26,阴~多云,西北风1级,0
2021-08-03,35,26,阴~多云,西北风2级,0
2021-08-04,35,27,阴~多云,西北风2级,0
2021-08-05,37,28,阴~多云,西风2级,0
2021-08-06,34,27,阴~多云,东南风1级,0
2021-08-07,36,27,阴~多云,东南风2级,0
2021-08-08,35,26,阴~阵雨,东南风3级,0
2021-08-09,34,26,阴~小雨,东南风3级,0
2021-08-10,30,25,阴~中雨,东南风3级,0
2021-08-11,33,26,阴~多云,东南风3级,0
2021-08-12,34,26,阴~多云,东南风3级,0
2021-08-13,32,26,多云~阵雨,东南风3级,0
2021-08-14,28,25,中雨,东南风3级,0
2021-08-15,31,25,阴~多云,东南风3级,0
2021-08-16,29,26,阴~多云,东南风3级,0
2021-08-17,34,26,多云,东南风2级,0
2021-08-18,36,26,阴~多云,东南风2级,0
2021-08-19,33,26,阴~多云,东南风3级,0
2021-08-20,35,26,多云,东南风2级,0
2021-08-21,35,26,阴~多云,东南风2级,0
2021-08-22,34,26,多云,东南风3级,0
2021-08-23,35,26,阴~多云,东南风3级,0
2021-08-24,33,26,阴~多云,东南风3级,0
2021-08-25,34,26,阴~多云,东南风3级,0
2021-08-26,34,26,多云,东南风3级,0
2021-08-27,34,26,阴~多云,东南风3级,0
2021-08-28,33,24,阴~多云,东南风2级,0
2021-08-29,33,24,多云,东南风2级,0
2021-08-30,34,25,多云,东南风2级,0
2021-08-31,35,25,多云,东南风2级,0
2021-09-01,34,25,多云~阵雨,东南风2级,0
2021-09-02,33,25,雾~阵雨,东南风2级,0
2021-09-03,34,25,阵雨~多云,东南风2级,0
2021-09-04,34,25,多云,东南风2级,0
2021-09-05,35,25,多云,东南风2级,0
2021-09-06,36,26,雾~多云,东风1级,0
2021-09-07,29,24,多云~阵雨,东北风2级,0
2021-09-08,33,25,雾~多云,东风2级,0
2021-09-09,34,25,雾~多云,东南风1级,0
2021-09-10,36,26,雾~多云,西北风1级,0
2021-09-11,37,27,雾~多云,北风1级,0
2021-09-12,37,26,多云,东北风1级,0
2021-09-13,34,26,多云,东风2级,0
2021-09-14,34,25,雾~阵雨,东南风2级,0
2021-09-15,29,24,多云~阵雨,东南风2级,0
2021-09-16,32,25,雾~多云,东南风1级,0
2021-09-17,33,25,雾~多云,东南风1级,0
2021-09-18,33,25,小雨~多云,东南风3级,0
2021-09-19,34,25,小雨~多云,东南风3级,0
2021-09-20,34,25,雾~多云,西北风1级,0
2021-09-21,34,25,阴~多云,北风1级,0
2021-09-22,33,25,雾~多云,东南风2级,0
2021-09-23,34,24,阴~多云,东南风2级,0
2021-09-24,33,24,多云~阵雨,东南风2级,0
2021-09-25,33,24,雾~阵雨,东南风2级,0
2021-09-26,34,25,雾~多云,东南风1级,0
2021-09-27,34,25,雾~多云,东南风2级,0
2021-09-28,35,25,晴~多云,西南风2级,0
2021-09-29,35,25,晴~多云,南风2级,0
2021-09-30,35,25,雾~多云,东南风2级,0
2021-10-01,35,25,雾~多云,东南风2级,0
2021-10-02,34,24,雾~多云,东南风2级,0
2021-10-03,33,24,雾~多云,东南风3级,0
2021-10-04,33,25,小雨~多云,东南风2级,0
2021-10-05,35,25,雾~多云,东南风2级,0
2021-10-06,35,26,雾~多云,东北风1级,0
2021-10-07,35,25,晴~多云,东北风3级,0
2021-10-08,31,22,多云~阵雨,东北风3级,0
2021-10-09,22,20,大雨~中雨,北风4级,0
2021-10-10,24,20,中雨~小雨,东北风5级,0
2021-10-11,28,19,多云,东北风3级,0
2021-10-12,27,20,多云,北风3级,0
2021-10-13,21,18,小雨~中雨,北风4级,0
2021-10-14,20,18,小雨,东北风3级,0
2021-10-15,25,17,多云~小雨,东北风2级,0
2021-10-16,18,16,中雨~小雨,北风3级,0
2021-10-17,22,16,多云,北风2级,0
2021-10-18,22,19,多云~小雨,北风2级,0
2021-10-19,25,21,雾~多云,东南风2级,0
2021-10-20,28,15,雾~中雨,东南风3级,0
2021-10-21,20,15,阴,东北风3级,0
2021-10-22,17,15,小雨~阴,北风2级,0
2021-10-23,22,16,多云,西北风2级,0
2021-10-24,25,16,多云,西北风2级,0
2021-10-25,26,16,晴,东北风2级,0
2021-10-26,28,17,雾~晴,东北风1级,0
2021-10-27,29,20,晴~多云,东北风2级,0
2021-10-28,24,19,小雨,东北风2级,0
2021-10-29,24,18,多云~中雨,东北风2级,0
2021-10-30,19,17,小雨,北风2级,0
2021-10-31,21,17,小雨,北风1级,0
2021-11-01,19,18,小雨,北风2级,0
2021-11-02,20,18,多云~小雨,北风2级,0
2021-11-03,21,19,雾~小雨,东风1级,0
2021-11-04,24,21,中雨~阴,东南风3级,0
2021-11-05,30,23,雾~多云,东南风3级,0
2021-11-06,31,20,雾~阴,东南风2级,0
2021-11-07,30,15,雾~阵雨,东北风2级,0
2021-11-08,18,13,多云,东北风3级,0
2021-11-09,22,14,晴~多云,东北风2级,0
2021-11-10,23,14,多云,西北风2级,0
2021-11-11,25,17,多云,东北风2级,0
2021-11-12,23,15,多云,东北风2级,0
2021-11-13,23,15,多云,北风2级,0
2021-11-14,25,16,雾~阴,东北风1级,0
2021-11-15,21,17,雾~阴,东北风2级,0
2021-11-16,21,17,多云~阴,东风2级,0
2021-11-17,18,15,小雨~阴,北风2级,0
2021-11-18,21,15,多云,西北风2级,0
2021-11-19,20,18,雾~小雨,东南风2级,0
2021-11-20,22,20,雾~小雨,东南风2级,0
2021-11-21,26,14,小雨,东风2级,0
2021-11-22,18,12,多云,东北风3级,0
2021-11-23,19,12,多云,北风2级,0
2021-11-24,19,13,阴~小雨,西北风2级,0
2021-11-25,23,13,阴~晴,北风1级,0
2021-11-26,25,14,多云,东北风2级,0
2021-11-27,25,15,多云~晴,东北风2级,0
2021-11-28,25,14,多云,东北风2级,0
2021-11-29,26,15,多云,北风2级,0
2021-11-30,22,13,多云~阴,北风3级,0
2021-12-01,22,11,多云~晴,东北风2级,0
2021-12-02,22,11,多云~晴,北风2级,0
2021-12-03,23,12,多云,北风2级,0
2021-12-04,23,12,多云~晴,东北风2级,0
2021-12-05,23,12,多云~晴,东北风2级,0
2021-12-06,24,13,多云~晴,东北风1级,0
2021-12-07,23,13,多云~晴,东风2级,0
2021-12-08,23,14,多云,东北风1级,0
2021-12-09,24,16,多云,北风1级,0
2021-12-10,25,16,多云,东南风2级,0
2021-12-11,24,15,多云,东南风2级,0
2021-12-12,24,13,多云,北风2级,0
2021-12-13,20,11,多云,北风2级,0
2021-12-14,22,14,多云,东南风2级,0
2021-12-15,22,16,雾~阴,东南风2级,0
2021-12-16,24,15,多云~阴,东风2级,0
2021-12-17,22,12,多云~晴,东北风3级,0
2021-12-18,20,10,晴,东北风2级,0
2021-12-19,19,14,多云,北风2级,0
2021-12-20,15,11,小雨,北风2级,0
2021-12-21,21,11,雾~多云,西北风2级,0
2021-12-22,22,12,多云,北风1级,0
2021-12-23,23,16,雾~多云,东南风2级,0
2021-12-24,24,13,多云~阴,东南风2级,0
2021-12-25,20,10,多云~阴,东北风2级,0
2021-12-26,14,6,多云~小雨,东北风3级,0
2021-12-27,7,6,多云~阴,东北风2级,0
2021-12-28,7,6,雾~小雨,东北风2级,0
2021-12-29,11,10,小雨~阴,东北风2级,0
2021-12-30,15,12,多云~阴,北风2级,0
2021-12-31,14,12,多云~阴,东北风1级,0
2022-01-01,16,11,阴~多云,北风2级,0
2022-01-02,15,12,多云~阴,东北风1级,0
2022-01-03,22,13,多云,东南风2级,0
2022-01-04,22,16,雾~阴,东南风3级,0
2022-01-05,22,15,雾~阴,东南风2级,0
2022-01-06,21,12,多云~阴,东南风3级,0
2022-01-07,17,11,多云~阴,东北风2级,0
2022-01-08,12,10,雾~阴,东北风2级,0
2022-01-09,12,9,小雨~阴,东北风2级,0
2022-01-10,11,9,小雨~阴,东北风2级,0
2022-01-11,17,10,多云,东北风2级,0
2022-01-12,15,13,多云~阴,东风2级,0
2022-01-13,15,12,多云~阴,东北风1级,0
2022-01-14,13,12,雾~小雨,东南风2级,0
2022-01-15,17,13,小雨,东风2级,0
2022-01-16,12,9,中雨~小雨,东北风2级,0
2022-01-17,11,10,中雨~小雨,西北风2级,0
2022-01-18,18,8,雾~多云,东北风2级,0
2022-01-19,19,11,雾~多云,东北风1级,0
2022-01-20,13,11,小雨,东南风2级,0
2022-01-21,16,14,雾~小雨,东南风2级,0
2022-01-22,17,14,小雨,东南风3级,0
2022-01-23,22,13,雾~小雨,东南风3级,0
2022-01-24,14,12,多云~小雨,东北风2级,0
2022-01-25,13,12,阴~小雨,东风2级,0
2022-01-26,16,11,小雨,东南风3级,0
2022-01-27,23,15,雾~小雨,东南风3级,0
2022-01-28,15,8,雾~小雨,东风3级,0
2022-01-29,9,5,小雨~多云,北风2级,0
2022-01-30,13,7,多云~小雨,东北风2级,0
2022-01-31,7,6,中雨~小雨,东北风2级,0
2022-02-01,7,6,雾~小雨,北风2级,0
2022-02-02,8,6,雾~小雨,北风2级,0
2022-02-03,12,9,多云,北风2级,0
2022-02-04,15,6,晴,东北风1级,0
2022-02-05,15,9,雾~小雨,东北风2级,0
2022-02-06,10,9,中雨~大雨,东南风2级,0
2022-02-07,11,7,小雨,东北风2级,0
2022-02-08,10,6,多云~小雨,东北风2级,0
2022-02-09,9,7,多云~小雨,东北风2级,0
2022-02-10,9,8,小雨,东北风1级,0
2022-02-11,12,8,小雨,东北风1级,0
2022-02-12,9,7,小雨,北风2级,0
2022-02-13,9,7,中雨~小雨,北风2级,0
2022-02-14,15,10,雾~多云,东北风1级,0
2022-02-15,13,12,小雨,东北风1级,0
2022-02-16,16,11,小雨,东风2级,0
2022-02-17,14,11,小雨,东风2级,0
2022-02-18,12,7,小雨,东北风2级,0
2022-02-19,7,4,暴雨~中雨,北风3级,0
2022-02-20,6,4,大雨~小雨,北风3级,0
2022-02-21,8,5,小雨,北风2级,0
2022-02-22,7,5,小雨,北风3级,0
2022-02-23,13,5,多云,北风3级,0
2022-02-24,15,7,多云~晴,东北风2级,0
2022-02-25,18,10,多云,东风2级,0
2022-02-26,17,10,阴~多云,东北风1级,0
2022-02-27,22,12,多云,东南风2级,0
2022-02-28,24,16,多云,东南风3级,0
2022-03-01,22,15,阴,东风2级,0
2022-03-02,25,17,阴~多云,东南风2级,0
2022-03-03,25,18,多云,东南风3级,0
2022-03-04,24,19,阴,东南风3级,0
2022-03-05,24,19,阴,东南风3级,0
2022-03-06,23,15,阴~小雨,东南风3级,0
2022-03-07,26,13,多云~晴,东北风3级,0
2022-03-08,25,15,晴,东南风3级,0
2022-03-09,24,16,多云,东南风3级,0
2022-03-10,21,17,多云~阴,东南风3级,0
2022-03-11,25,19,阴,东南风2级,0
2022-03-12,22,19,雾~阴,东南风3级,0
2022-03-13,23,19,雾~阴,东南风3级,0
2022-03-14,24,19,雾~阴,东南风2级,0
2022-03-15,29,20,多云~小雨,东南风2级,0
2022-03-16,24,20,阴,东南风3级,0
2022-03-17,28,20,雾~多云,东南风2级,0
2022-03-18,28,21,雾~多云,东南风2级,0
2022-03-19,27,21,雾~多云,东南风3级,0
2022-03-20,26,22,雾~阴,东南风4级,0
2022-03-21,29,23,雾~多云,东南风4级,0
2022-03-22,26,13,雾~小雨,东风3级,0
2022-03-23,13,12,中雨~小雨,北风2级,0
2022-03-24,16,12,小雨~阴,东风2级,0
2022-03-25,30,20,雾~多云,西南风2级,0
2022-03-26,31,18,雾~小雨,东北风2级,0
2022-03-27,21,15,阴~多云,北风3级,0
2022-03-28,24,16,多云~小雨,东北风2级,0
2022-03-29,19,17,小雨,东南风2级,0
2022-03-30,22,18,小雨~阴,东南风2级,0
2022-03-31,25,15,雾~小雨,东北风2级,0
2022-04-01,16,12,小雨,北风3级,0
2022-04-02,20,13,多云,北风3级,0
2022-04-03,22,13,雾~晴,东北风2级,0
2022-04-04,28,15,多云~晴,东南风2级,0
2022-04-05,29,17,雾~晴,东风2级,0
2022-04-06,28,18,多云,北风2级,0
2022-04-07,31,18,雾~晴,北风2级,0
2022-04-08,31,18,多云,东南风2级,0
2022-04-09,29,18,多云~晴,东南风3级,0
2022-04-10,30,19,雾~多云,东南风3级,0
2022-04-11,30,20,雾~多云,东南风3级,0
2022-04-12,27,20,雾~阵雨,东南风3级,0
2022-04-13,31,19,雾~晴,西北风2级,0
2022-04-14,31,22,多云,东南风2级,0
2022-04-15,27,16,雾~小雨,东南风3级,0
2022-04-16,16,13,中雨~小雨,东北风3级,0
2022-04-17,14,13,小雨~中雨,北风2级,0
2022-04-18,17,14,小雨,北风2级,0
2022-04-19,22,17,雾~小雨,东北风1级,0
2022-04-20,25,18,雾~多云,东风2级,0
2022-04-21,25,20,雾~小雨,东南风2级,0
2022-04-22,27,22,小雨~阴,东南风3级,0
2022-04-23,30,23,雾~阴,东南风2级,0
2022-04-24,30,24,雾~多云,东南风3级,0
2022-04-25,30,24,多云,东南风3级,0
2022-04-26,31,24,雾~多云,东南风3级,0
2022-04-27,30,24,雾~多云,东南风3级,0
2022-04-28,30,24,雾~阴,东南风3级,0
2022-04-29,32,22,雾~阴,东南风2级,0
2022-04-30,30,17,雾~大雨,东风3级,0
2022-05-01,18,16,小雨~阴,东北风3级,0
2022-05-02,26,16,多云,北风2级,0
2022-05-03,28,17,晴,东北风2级,0
2022-05-04,30,19,雾~多云,东北风1级,0
2022-05-05,30,21,多云,东南风2级,0
2022-05-06,28,22,雾~阵雨,东南风2级,0
2022-05-07,27,22,小雨,东南风3级,0
2022-05-08,25,21,小雨~阴,东南风3级,0
2022-05-09,27,21,小雨,东南风3级,0
2022-05-10,27,22,小雨~中雨,东南风2级,0
2022-05-11,26,21,小雨~大雨,东风2级,0
2022-05-12,24,21,多云~小雨,东北风2级,0
2022-05-13,22,21,中雨~小雨,东北风1级,0
2022-05-14,25,18,多云~小雨,东北风2级,0
2022-05-15,22,17,多云~阴,东北风2级,0
2022-05-16,24,17,多云,西北风2级,0
2022-05-17,28,20,多云,东北风2级,0
2022-05-18,28,22,多云~阴,东南风2级,0
2022-05-19,30,23,雾~多云,东南风2级,0
2022-05-20,28,22,阴~小雨,东北风2级,0
2022-05-21,26,21,小雨,西北风2级,0
2022-05-22,26,22,雾~小雨,东风2级,0
2022-05-23,24,21,小雨~中雨,东北风1级,0
2022-05-24,25,22,中雨~大雨,北风2级,0
2022-05-25,29,24,阴,东南风2级,0
2022-05-26,32,24,雾~阵雨,东南风2级,0
2022-05-27,31,24,阴~阵雨,东南风3级,0
2022-05-28,31,25,阴~多云,东南风3级,0
2022-05-29,32,25,小雨~多云,东南风3级,0
2022-05-30,33,24,雾~中雨,东南风2级,0
2022-05-31,31,25,小雨~多云,西南风1级,0
2022-06-01,32,25,中雨~多云,东南风3级,0
2022-06-02,31,26,小雨~多云,东南风3级,0
2022-06-03,32,26,多云~阵雨,东南风3级,0
2022-06-04,33,26,多云~中雨,东南风3级,0
2022-06-05,32,25,阴~大雨,东南风2级,0
2022-06-06,29,24,雾~阵雨,西北风2级,0
2022-06-07,28,24,多云,西风1级,0
2022-06-08,33,25,雾~多云,东南风2级,0
2022-06-09,34,25,雾~多云,东南风2级,0
2022-06-10,26,24,大雨,东南风1级,0
2022-06-11,24,23,小雨~中雨,西北风1级,0
2022-06-12,29,24,雾~中雨,东南风2级,0
2022-06-13,28,24,大雨~中雨,北风2级,0
2022-06-14,28,22,雾~阵雨,西北风1级,0
2022-06-15,29,23,雾~中雨,南风1级,0
2022-06-16,31,25,中雨~阵雨,东南风2级,0
2022-06-17,31,26,雾~多云,东南风3级,0
2022-06-18,32,26,多云,东南风3级,0
2022-06-19,33,26,阴~多云,东南风3级,0
2022-06-20,31,26,多云,东南风3级,0
2022-06-21,32,26,阴~阵雨,东南风3级,0
2022-06-22,34,26,多云,东南风3级,0
2022-06-23,33,26,雾~多云,东南风3级,0
2022-06-24,35,26,雾~多云,东南风3级,0
2022-06-25,32,25,多云,东南风3级,0
2022-06-26,31,26,多云,东南风3级,0
2022-06-27,33,26,多云,东南风3级,0
2022-06-28,33,25,多云~中雨,东南风3级,0
2022-06-29,30,24,中雨,东南风2级,0
2022-06-30,33,25,多云,东风2级,0
2022-07-01,34,26,阴~多云,东北风2级,0
2022-07-02,32,23,多云~暴雨,北风3级,0
2022-07-03,31,25,大雨~中雨,西北风3级,0
2022-07-04,31,25,雾~中雨,南风2级,0
2022-07-05,33,25,雾~大雨,东南风2级,0
2022-07-06,29,24,小雨~中雨,南风2级,0
2022-07-07,32,25,阴~中雨,东南风2级,0
2022-07-08,31,25,小雨~阵雨,东南风3级,0
2022-07-09,34,25,多云~晴,东南风2级,0
2022-07-10,34,26,小雨~晴,东南风2级,0
2022-07-11,34,26,多云~晴,东南风3级,0
2022-07-12,34,26,多云,东南风3级,0
2022-07-13,35,26,多云,东南风3级,0
2022-07-14,35,26,多云,东南风2级,0
2022-07-15,32,26,中雨~多云,东南风2级,0
2022-07-16,34,26,雾~多云,东南风2级,0
2022-07-17,35,27,多云,东南风2级,0
2022-07-18,34,27,多云,东南风3级,0
2022-07-19,32,26,多云,东南风4级,0
2022-07-20,34,26,小雨~多云,东南风3级,0
2022-07-21,34,25,多云,东南风3级,0
2022-07-22,34,25,多云,东南风2级,0
2022-07-23,35,25,多云~晴,南风2级,0
2022-07-24,36,25,晴,南风2级,0
2022-07-25,37,26,晴,南风2级,0
2022-07-26,36,25,晴,东南风2级,0
2022-07-27,36,25,多云~晴,东南风2级,0
2022-07-28,36,25,多云~晴,东南风2级,0
2022-07-29,35,26,雾~多云,东南风2级,0
2022-07-30,36,26,多云,东南风2级,0
2022-07-31,36,26,多云,东南风2级,0
2022-08-01,36,26,阴~多云,东南风2级,0
2022-08-02,36,26,雾~多云,东南风2级,0
2022-08-03,37,27,多云,东南风2级,0
2022-08-04,34,25,小雨~大雨,东南风2级,0
2022-08-05,28,24,小雨~大雨,东南风3级,0
2022-08-06,32,25,多云~阵雨,东南风3级,0
2022-08-07,34,25,多云,东南风2级,0
2022-08-08,36,26,多云,东南风2级,0
2022-08-09,35,26,雾~多云,东北风2级,0
2022-08-10,29,25,中雨~大雨,东北风3级,0
2022-08-11,29,24,小雨~阵雨,东风3级,0
2022-08-12,33,25,雾~多云,东南风2级,0
2022-08-13,33,25,雾~多云,东南风2级,0
2022-08-14,34,25,雾~多云,东南风2级,0
2022-08-15,35,26,雾~多云,东南风2级,0
2022-08-16,36,26,雾~多云,东南风2级,0
2022-08-17,35,25,阴~多云,东南风2级,0
2022-08-18,35,26,雾~多云,东南风2级,0
2022-08-19,35,26,雾~多云,东南风2级,0
2022-08-20,33,25,小雨~中雨,东风3级,0
2022-08-21,30,25,大雨~多云,东南风3级,0
2022-08-22,32,25,阴~多云,东南风3级,0
2022-08-23,35,26,雾~多云,东南风2级,0
2022-08-24,36,26,雾~多云,东北风1级,0
2022-08-25,34,24,阴~大雨,东北风4级,0
2022-08-26,31,24,大雨~阵雨,东南风4级,0
2022-08-27,33,25,雾~多云,东南风3级,0
2022-08-28,34,25,雾~多云,东南风2级,0
2022-08-29,34,26,雾~晴,东南风2级,0
2022-08-30,35,26,雾~多云,东南风2级,0
2022-08-31,34,25,雾~阵雨,北风1级,0
2022-09-01,32,26,多云,东北风2级,0
2022-09-02,34,26,多云,东北风2级,0
2022-09-03,34,25,多云~晴,东北风2级,0
2022-09-04,33,25,多云~晴,西北风2级,0
2022-09-05,35,25,多云,西北风2级,0
2022-09-06,36,25,雾~多云,东北风2级,0
2022-09-07,36,26,多云~阵雨,东南风2级,0
2022-09-08,34,25,小雨,东南风2级,0
2022-09-09,32,24,雾~阵雨,东北风1级,0
2022-09-10,33,24,多云,西南风1级,0
2022-09-11,29,24,大雨~多云,东北风1级,0
2022-09-12,33,24,雾~多云,西北风2级,0
2022-09-13,33,25,雾~多云,西北风2级,0
2022-09-14,34,25,多云,东北风2级,0
2022-09-15,34,25,多云,东南风1级,0
2022-09-16,35,25,雾~多云,东南风2级,0
2022-09-17,35,26,雾~多云,东南风2级,0
2022-09-18,36,26,雾~多云,南风2级,0
2022-09-19,36,25,雾~阵雨,东南风1级,0
2022-09-20,33,25,雾~多云,东风2级,0
2022-09-21,33,24,雾~多云,东南风2级,0
2022-09-22,33,24,雾~多云,东南风2级,0
2022-09-23,33,24,阴~多云,东北风2级,0
2022-09-24,31,24,雾~多云,东北风2级,0
2022-09-25,33,25,多云,东北风2级,0
2022-09-26,34,25,多云,东北风2级,0
2022-09-27,35,26,多云,东北风2级,0
2022-09-28,31,25,多云~阵雨,东北风2级,0
2022-09-29,30,25,小雨,东北风2级,0
2022-09-30,28,23,小雨,东风2级,0
2022-10-01,29,23,小雨~阵雨,东南风3级,0
2022-10-02,33,24,阴~多云,东南风2级,0
2022-10-03,34,24,雾~多云,东南风2级,0
2022-10-04,34,24,雾~多云,东南风2级,0
2022-10-05,34,24,多云,东南风2级,0
2022-10-06,33,23,雾~多云,东南风3级,0
2022-10-07,30,21,雾~多云,东风2级,0
2022-10-08,30,22,多云~阴,东北风2级,0
2022-10-09,21,18,小雨~阴,北风3级,0
2022-10-10,27,17,多云~晴,东北风2级,0
2022-10-11,28,17,晴,东北风2级,0
2022-10-12,28,18,晴~多云,北风2级,0
2022-10-13,31,18,晴,北风2级,0
2022-10-14,32,20,雾~晴,北风2级,0
2022-10-15,31,20,晴,北风2级,0
2022-10-16,31,20,晴,北风2级,0
2022-10-17,31,21,晴,北风3级,0
2022-10-18,29,17,多云,东北风3级,0
2022-10-19,26,16,多云~小雨,北风2级,0
2022-10-20,19,16,小雨,西北风2级,0
2022-10-21,28,21,雾~晴,西北风2级,0
2022-10-22,34,23,晴,西北风2级,0
2022-10-23,34,22,雾~晴,东北风2级,0
2022-10-24,33,22,雾~多云,东风2级,0
2022-10-25,30,22,雾~多云,东南风3级,0
2022-10-26,31,22,晴,东南风3级,0
2022-10-27,31,21,雾~多云,东南风2级,0
2022-10-28,29,20,晴,东北风2级,0
2022-10-29,30,20,晴,东北风2级,0
2022-10-30,28,19,多云,东北风2级,0
2022-10-31,29,19,晴~多云,北风3级,0
2022-11-01,27,19,多云,北风3级,0
2022-11-02,30,20,多云~晴,北风2级,0
2022-11-03,30,20,多云,西北风2级,0
2022-11-04,29,19,多云,东北风2级,0
2022-11-05,27,18,多云,东北风2级,0
2022-11-06,26,18,晴~多云,东风1级,0
2022-11-07,28,18,雾~晴,东风1级,0
2022-11-08,30,20,雾~多云,东南风1级,0
2022-11-09,29,21,雾~多云,东南风2级,0
2022-11-10,29,22,雾~多云,东南风2级,0
2022-11-11,29,20,雾~多云,东南风3级,0
2022-11-12,32,21,雾~多云,东南风3级,0
2022-11-13,31,21,雾~多云,东南风2级,0
2022-11-14,29,21,多云~阴,东南风2级,0
2022-11-15,23,20,多云~小雨,东风2级,0
2022-11-16,25,21,小雨,东南风2级,0
2022-11-17,23,21,中雨~阴,东南风3级,0
2022-11-18,26,21,雾~小雨,东南风3级,0
2022-11-19,25,20,雾~阴,东北风2级,0
2022-11-20,24,19,多云,北风1级,0
2022-11-21,29,21,雾~阴,东南风2级,0
2022-11-22,27,19,雾~小雨,东北风1级,0
2022-11-23,22,18,小雨,东北风2级,0
2022-11-24,21,18,小雨,东北风1级,0
2022-11-25,20,18,中雨~小雨,东北风1级,0
2022-11-26,20,19,小雨~阴,东风2级,0
2022-11-27,27,23,雾~阴,东南风3级,0
2022-11-28,29,23,雾~阴,东南风3级,0
2022-11-29,28,14,雾~小雨,东南风3级,0
2022-11-30,15,8,小雨,东北风3级,0
2022-12-01,8,7,小雨,东北风3级,0
2022-12-02,11,8,多云~阴,北风2级,0
2022-12-03,12,10,多云~阴,东北风2级,0
2022-12-04,12,8,多云~阴,北风2级,0
2022-12-05,17,8,多云,北风2级,0
2022-12-06,18,10,雾~多云,东北风1级,0
2022-12-07,14,11,雾~阴,北风2级,0
2022-12-08,16,13,雾~阴,北风1级,0
2022-12-09,18,13,多云,西北风1级,0
2022-12-10,18,12,多云,东北风2级,0
2022-12-11,21,11,多云~晴,东北风3级,0
2022-12-12,20,10,多云~晴,东北风2级,0
2022-12-13,20,9,多云~晴,东北风2级,0
2022-12-14,19,9,晴,北风2级,0
2022-12-15,21,11,多云,东南风1级,0
2022-12-16,21,10,雾~多云,东北风2级,0
2022-12-17,16,7,多云,东北风3级,0
2022-12-18,18,7,晴,东北风2级,0
2022-12-19,18,8,晴,东南风1级,0
2022-12-20,17,10,雾~多云,东南风1级,0
2022-12-21,21,12,雾~多云,北风2级,0
2022-12-22,23,13,雾~多云,东北风1级,0
2022-12-23,22,13,多云,东风2级,0
2022-12-24,22,12,雾~多云,东北风1级,0
2022-12-25,22,11,雾~晴,东南风3级,0
2022-12-26,20,13,雾~多云,东南风3级,0
2022-12-27,20,11,多云~阴,东南风3级,0
2022-12-28,15,9,多云~小雨,北风3级,0
2022-12-29,11,8,多云~阴,西北风3级,0
2022-12-30,16,9,多云,北风2级,0
2022-12-31,18,9,晴~多云,东北风1级,0
2023-01-01,20,12,多云,北风1级,0
2023-01-02,13,11,小雨,东北风2级,0
2023-01-03,19,13,多云~阴,东北风2级,0
2023-01-04,18,14,多云~阴,东风2级,0
2023-01-05,18,13,多云~阴,东北风1级,0
2023-01-06,22,12,多云~晴,北风3级,0
2023-01-07,23,14,多云~小雨,西北风1级,0
2023-01-08,18,14,雾~小雨,东南风2级,0
2023-01-09,19,15,小雨,东北风1级,0
2023-01-10,21,15,雾~小雨,东南风1级,0
2023-01-11,17,15,中雨~小雨,东南风2级,0
2023-01-12,18,16,小雨~阴,东南风3级,0
2023-01-13,27,19,阴~多云,东南风2级,0
2023-01-14,26,11,雾~小雨,东南风2级,0
2023-01-15,12,6,阴,东北风3级,0
2023-01-16,9,7,阴,东北风2级,0
2023-01-17,10,7,阴,北风2级,0
2023-01-18,13,8,多云,北风2级,0
2023-01-19,16,9,雾~多云,北风2级,0
2023-01-20,19,11,雾~多云,东北风1级,0
2023-01-21,20,15,多云~小雨,东南风2级,0
2023-01-22,19,12,雾~小雨,东北风1级,0
2023-01-23,12,8,雾~阴,北风2级,0
2023-01-24,17,5,多云~晴,东北风4级,0
2023-01-25,17,9,晴~多云,东南风2级,0
2023-01-26,13,10,多云~小雨,东风2级,0
2023-01-27,13,7,多云~晴,东北风3级,0
2023-01-28,17,7,多云~晴,东北风2级,0
2023-01-29,19,7,晴,北风1级,0
2023-01-30,21,8,多云~晴,东南风1级,0
2023-01-31,21,14,多云~小雨,东南风3级,0
2023-02-01,22,16,雾~阴,东南风3级,0
2023-02-02,23,14,雾~小雨,东南风3级,0
2023-02-03,15,12,雾~小雨,东风2级,0
2023-02-04,12,11,小雨~中雨,东风3级,0
2023-02-05,12,11,中雨~小雨,东风2级,0
2023-02-06,13,11,小雨,东风2级,0
2023-02-07,14,13,小雨,东北风2级,0
2023-02-08,16,13,小雨,东风2级,0
2023-02-09,18,14,小雨,东南风3级,0
2023-02-10,17,13,小雨,东风2级,0
2023-02-11,25,19,雾~阴,东南风4级,0
2023-02-12,27,22,雾~多云,东南风3级,0
2023-02-13,23,12,雾~阴,东北风2级,0
2023-02-14,15,10,多云~阴,东北风3级,0
2023-02-15,17,11,多云,东北风2级,0
2023-02-16,18,12,多云,东南风2级,0
2023-02-17,20,14,多云~阴,东南风2级,0
2023-02-18,21,16,雾~阴,东南风3级,0
2023-02-19,20,13,雾~多云,东北风2级,0
2023-02-20,24,15,多云,东北风2级,0
2023-02-21,23,15,多云,东风2级,0
2023-02-22,19,15,多云,东南风3级,0
2023-02-23,22,14,雾~阴,东南风3级,0
2023-02-24,16,11,多云,北风3级,0
2023-02-25,21,11,晴,东北风3级,0
2023-02-26,20,11,晴,东北风3级,0
2023-02-27,21,12,晴,东南风2级,0
2023-02-28,24,14,雾~多云,东南风3级,0
2023-03-01,23,15,雾~多云,东南风2级,0
2023-03-02,25,17,多云,东北风2级,0
2023-03-03,22,15,多云~阴,东南风2级,0
2023-03-04,25,15,雾~多云,北风1级,0
2023-03-05,26,16,多云,东南风2级,0
2023-03-06,24,16,雾~多云,东南风4级,0
2023-03-07,24,18,雾~多云,南风3级,0
2023-03-08,25,18,雾~多云,东南风1级,0
2023-03-09,28,17,雾~多云,西北风1级,0
2023-03-10,27,19,多云,东南风4级,0
2023-03-11,26,18,雾~阴,东南风3级,0
2023-03-12,24,15,小雨~阴,东北风3级,0
2023-03-13,22,15,多云,西北风3级,0
2023-03-14,23,17,多云~阴,东南风3级,0
2023-03-15,21,18,雾~小雨,东南风3级,0
2023-03-16,26,20,雾~多云,东南风4级,0
2023-03-17,26,19,雾~阴,东南风3级,0
2023-03-18,24,20,雾~阴,东南风3级,0
2023-03-19,21,19,小雨,东南风4级,0
2023-03-20,25,21,雾~多云,东南风3级,0
2023-03-21,28,21,雾~多云,西南风3级,0
2023-03-22,34,22,多云,西南风3级,0
2023-03-23,33,20,多云~阵雨,西南风3级,0
2023-03-24,22,16,雾~小雨,东风3级,0
2023-03-25,17,14,雾~阵雨,东北风2级,0
2023-03-26,18,14,多云~阵雨,东北风2级,0
2023-03-27,17,13,多云~小雨,东北风2级,0
2023-03-28,15,13,小雨,东北风1级,0
2023-03-29,15,14,小雨,东北风1级,0
2023-03-30,23,18,雾~小雨,东风1级,0
2023-03-31,19,18,雾~小雨,东南风2级,0
2023-04-01,20,19,小雨,东南风2级,0
2023-04-02,27,23,雾~多云,东南风3级,0
2023-04-03,29,24,雾~多云,南风4级,0
2023-04-04,28,23,雾~多云,南风3级,0
2023-04-05,33,21,雾~阵雨,东南风2级,0
2023-04-06,23,17,雾~多云,东北风3级,0
2023-04-07,25,17,多云,东北风2级,0
2023-04-08,20,17,多云~小雨,东北风2级,0
2023-04-09,20,18,雾~小雨,东南风2级,0
2023-04-10,19,18,小雨,东北风2级,0
2023-04-11,24,21,多云~小雨,东南风3级,0
2023-04-12,26,22,雾~小雨,东南风3级,0
2023-04-13,24,22,多云~阵雨,东南风4级,0
2023-04-14,25,20,多云~阵雨,东南风3级,0
2023-04-15,27,19,中雨~多云,东北风3级,0
2023-04-16,32,21,雾~多云,东南风2级,0
2023-04-17,24,23,雾~阴,东南风4级,0
2023-04-18,30,23,多云~小雨,东南风3级,0
2023-04-19,31,23,多云,西风1级,0
2023-04-20,29,24,阴~多云,东南风3级,0
2023-04-21,31,25,雾~多云,东南风3级,0
2023-04-22,27,23,多云~阵雨,东南风4级,0
2023-04-23,32,20,多云~小雨,东南风4级,0
2023-04-24,22,15,雾~小雨,东北风3级,0
2023-04-25,22,16,多云,北风2级,0
2023-04-26,28,19,多云,东北风1级,0
2023-04-27,25,20,小雨~阴,东南风3级,0
2023-04-28,25,22,阴~中雨,东南风4级,0
2023-04-29,21,17,中雨~多云,东北风2级,0
2023-04-30,27,18,雾~多云,东北风1级,0
2023-05-01,29,21,多云~阴,东南风2级,0
2023-05-02,28,23,多云~小雨,东南风4级,0
2023-05-03,29,24,多云,南风4级,0
2023-05-04,32,24,多云,南风4级,0
2023-05-05,33,25,多云,东南风4级,0
2023-05-06,36,22,多云~中雨,东南风2级,0
2023-05-07,27,21,多云~阴,东北风3级,0
2023-05-08,20,18,小雨,东北风2级,0
2023-05-09,23,20,雾~小雨,东北风2级,0
2023-05-10,23,21,小雨,东南风2级,0
2023-05-11,23,18,小雨,东北风2级,0
2023-05-12,20,18,中雨,东北风1级,0
2023-05-13,19,18,大雨~小雨,北风1级,0
2023-05-14,26,20,小雨~多云,西北风2级,0
2023-05-15,31,23,雾~多云,东南风2级,0
2023-05-16,31,24,多云,南风2级,0
2023-05-17,34,24,雾~多云,东南风2级,0
2023-05-18,34,25,雾~多云,东南风3级,0
2023-05-19,34,26,雾~多云,东南风3级,0
2023-05-20,33,26,小雨~多云,东南风3级,0
2023-05-21,35,26,雾~多云,东南风3级,0
2023-05-22,36,22,阴~阵雨,东南风2级,0
2023-05-23,28,22,多云~阵雨,东北风2级,0
2023-05-24,26,22,中雨~阵雨,东风2级,0
2023-05-25,32,25,雾~多云,东南风3级,0
2023-05-26,32,25,雾~多云,东南风3级,0
2023-05-27,33,26,阴~多云,东南风4级,0
2023-05-28,31,25,中雨~多云,东南风3级,0
2023-05-29,35,26,多云~晴,东南风2级,0
2023-05-30,37,26,晴,东北风1级,0
2023-05-31,38,26,多云,东南风1级,0
2023-06-01,37,26,多云,东南风3级,0
2023-06-02,36,27,多云,东南风3级,0
2023-06-03,37,27,多云,东南风3级,0
2023-06-04,34,27,多云,东南风3级,0
2023-06-05,35,25,阵雨~多云,东南风3级,0
2023-06-06,33,25,阵雨,东北风2级,0
2023-06-07,32,24,中雨,东风3级,0
2023-06-08,27,24,多云~中雨,东北风3级,0
2023-06-09,28,24,中雨,东北风3级,0
2023-06-10,35,26,雾~多云,北风2级,0
2023-06-11,35,26,阴~多云,东北风1级,0
2023-06-12,36,26,多云,东南风1级,0
2023-06-13,32,25,中雨,东北风1级,0
2023-06-14,31,25,多云,西北风1级,0
2023-06-15,33,25,雾~阵雨,东南风2级,0
2023-06-16,31,26,雾~阵雨,东南风4级,0
2023-06-17,29,25,小雨~多云,东南风4级,0
2023-06-18,33,26,多云,东南风4级,0
2023-06-19,33,26,多云~阵雨,东南风4级,0
2023-06-20,32,26,多云,东南风3级,0
2023-06-21,35,26,多云,东南风3级,0
2023-06-22,33,24,小雨~中雨,南风1级,0
2023-06-23,27,23,中雨~暴雨,西北风1级,0
2023-06-24,28,23,大雨~暴雨,南风1级,0
2023-06-25,26,23,中雨,东南风2级,0
2023-06-26,25,23,大雨~中雨,东风2级,0
2023-06-27,30,24,大雨~多云,东南风3级,0
2023-06-28,33,26,多云,东南风3级,0
2023-06-29,34,26,多云,东南风3级,0
2023-06-30,35,27,多云,东南风3级,0
2023-07-01,35,27,多云,东南风3级,0
2023-07-02,35,27,多云,东南风4级,0
2023-07-03,32,27,多云,东南风4级,0
2023-07-04,34,26,小雨~多云,东南风4级,0
2023-07-05,33,26,阴~多云,东南风3级,0
2023-07-06,34,27,多云,东南风4级,0
2023-07-07,34,27,多云,东南风4级,0
2023-07-08,35,27,多云,东南风4级,0
2023-07-09,35,27,多云,东南风3级,0
2023-07-10,35,26,多云,东南风3级,0
2023-07-11,36,27,晴~多云,东南风4级,0
2023-07-12,34,27,多云,东南风4级,0
2023-07-13,35,27,多云,东南风3级,0
2023-07-14,36,26,阴~多云,东南风3级,0
2023-07-15,36,27,阴~多云,西北风3级,0
2023-07-16,36,28,阴~多云,北风3级,0
2023-07-17,33,24,阴~大雨,东北风4级,0
2023-07-18,25,24,大雨~中雨,东北风5级,0
2023-07-19,30,24,中雨~阵雨,东南风3级,0
2023-07-20,33,26,小雨~多云,东南风3级,0
2023-07-21,33,26,小雨~多云,东南风3级,0
2023-07-22,36,26,阴~多云,东南风2级,0
2023-07-23,35,26,阴~多云,东南风2级,0
2023-07-24,35,26,阴~多云,东南风2级,0
2023-07-25,36,26,阴~多云,东南风2级,0
2023-07-26,36,26,阴~多云,西南风1级,0
2023-07-27,36,27,多云,北风1级,0
2023-07-28,37,26,多云~中雨,西北风1级,0
2023-07-29,34,26,阴~阵雨,东南风2级,0
2023-07-30,35,26,阴~多云,东南风3级,0
2023-07-31,33,26,阴~阵雨,东南风3级,0
2023-08-01,31,24,小雨~阵雨,东南风3级,0
2023-08-02,33,25,雾~阵雨,东南风3级,0
2023-08-03,34,26,阴~多云,东风3级,0
2023-08-04,31,25,小雨~阵雨,东南风3级,0
2023-08-05,31,24,小雨~中雨,东南风3级,0
2023-08-06,30,25,小雨~阵雨,东南风3级,0
2023-08-07,32,25,暴雨~阵雨,东南风3级,0
2023-08-08,32,25,阴~多云,东南风3级,0
2023-08-09,34,26,小雨~多云,东南风3级,0
2023-08-10,34,25,小雨~阵雨,东南风3级,0
2023-08-11,35,25,阴~多云,东南风3级,0
2023-08-12,33,25,阴~多云,东南风2级,0
2023-08-13,34,25,阴~多云,东南风2级,0
2023-08-14,34,26,大雨~阵雨,东南风2级,0
2023-08-15,31,25,中雨~阵雨,东南风3级,0
2023-08-16,35,26,阴~多云,南风2级,0
2023-08-17,36,25,阴~阵雨,西南风2级,0
2023-08-18,30,25,中雨~大雨,西南风1级,0
2023-08-19,30,25,暴雨~阵雨,东南风2级,0
2023-08-20,33,26,大雨~阵雨,东南风2级,0
2023-08-21,34,26,阴~多云,东南风2级,0
2023-08-22,35,25,阴~阵雨,南风1级,0
2023-08-23,32,25,阴~阵雨,东风2级,0
2023-08-24,34,25,中雨~多云,东南风2级,0
2023-08-25,32,26,阴~多云,东南风2级,0
2023-08-26,34,26,阴~多云,东南风3级,0
2023-08-27,33,24,阴~大雨,东南风3级,0
2023-08-28,27,23,阴~多云,西北风2级,0
2023-08-29,26,24,阴~多云,北风2级,0
2023-08-30,29,24,阴~多云,北风3级,0
2023-08-31,32,24,阴~多云,北风3级,0
2023-09-01,34,26,阴~多云,北风3级,0
2023-09-02,32,24,阴~中雨,北风3级,0
2023-09-03,22,21,中雨,北风4级,0
2023-09-04,28,24,阴~多云,北风2级,0
2023-09-05,34,25,阴~多云,北风2级,0
2023-09-06,35,26,阴~多云,北风2级,0
2023-09-07,33,25,阴~多云,西北风2级,0
2023-09-08,28,24,中雨~小雨,西北风2级,0
2023-09-09,29,25,阴~小雨,东北风2级,0
2023-09-10,31,24,中雨,东北风2级,0
2023-09-11,26,24,小雨~大雨,西北风1级,0
2023-09-12,29,24,阴~大雨,东风3级,0
2023-09-13,26,23,中雨,北风2级,0
2023-09-14,26,23,阴~阵雨,北风2级,0
2023-09-15,27,24,阴~阵雨,北风2级,0
2023-09-16,31,24,小雨~多云,北风1级,0
2023-09-17,33,25,小雨~多云,东南风2级,0
2023-09-18,31,25,小雨~多云,东南风3级,0
2023-09-19,33,25,阴~多云,东南风3级,0
2023-09-20,33,25,阴~多云,东南风2级,0
2023-09-21,35,25,阴~多云,东南风2级,0
2023-09-22,34,25,阴~多云,东南风2级,0
2023-09-23,34,25,阴~多云,东南风2级,0
2023-09-24,34,25,阴~多云,东南风2级,0
2023-09-25,33,25,小雨~多云,东风2级,0
2023-09-26,28,24,小雨~阴,东风3级,0
2023-09-27,33,25,阴~多云,东南风2级,0
2023-09-28,32,24,阴~阵雨,东风1级,0
2023-09-29,33,25,阴~多云,东南风1级,0
2023-09-30,33,25,阴~多云,东南风1级,0
2023-10-01,35,25,阴~多云,东南风2级,0
2023-10-02,34,25,阴~多云,东南风2级,0
2023-10-03,34,26,阴~多云,东南风2级,0
2023-10-04,34,25,阴~多云,东南风1级,0
2023-10-05,35,25,阴~多云,东风2级,0
2023-10-06,32,23,阴~多云,东北风2级,0
2023-10-07,28,21,阴~多云,东北风3级,0
2023-10-08,29,20,阴~多云,东北风3级,0
2023-10-09,26,21,阴,北风2级,0
2023-10-10,20,19,小雨,北风2级,0
2023-10-11,23,20,阴~小雨,东北风2级,0
2023-10-12,25,21,阴~多云,西北风2级,0
2023-10-13,28,21,阴~多云,东北风2级,0
2023-10-14,25,20,阴~多云,北风2级,0
2023-10-15,29,21,阴~多云,东北风2级,0
2023-10-16,30,21,晴~多云,东北风2级,0
2023-10-17,32,21,多云,东北风2级,0
2023-10-18,30,23,阴~小雨,东风2级,0
2023-10-19,24,19,小雨~大雨,东北风2级,0
2023-10-20,25,17,阴~小雨,东北风4级,0
2023-10-21,22,19,阴,东北风2级,0
2023-10-22,25,20,阴~小雨,东北风1级,0
2023-10-23,29,21,阴~多云,东风1级,0
2023-10-24,30,22,阴~多云,东南风2级,0
2023-10-25,32,22,阴~多云,东南风1级,0
2023-10-26,33,23,阴~多云,东南风2级,0
2023-10-27,32,22,小雨~多云,东北风2级,0
2023-10-28,28,21,阴~小雨,西北风2级,0
2023-10-29,20,19,暴雨~小雨,北风2级,0
2023-10-30,28,19,阴~多云,东北风2级,0
2023-10-31,29,19,阴~多云,东北风2级,0
2023-11-01,29,19,多云,东北风1级,0
2023-11-02,29,22,雾~多云,东南风2级,0
2023-11-03,29,22,雾~多云,东南风3级,0
2023-11-04,27,23,阴~多云,东南风3级,0
2023-11-05,29,22,雾~小雨,东南风3级,0
2023-11-06,23,18,阴~多云,东北风2级,0
2023-11-07,21,18,小雨~阴,东北风1级,0
2023-11-08,26,21,雾~小雨,东南风2级,0
2023-11-09,28,22,阴,东南风3级,0
2023-11-10,31,22,雾~阴,东南风2级,0
2023-11-11,31,19,雾~小雨,东南风3级,0
2023-11-12,20,13,阴~小雨,东北风3级,0
2023-11-13,13,11,阴~小雨,北风3级,0
2023-11-14,19,14,阴,北风2级,0
2023-11-15,17,14,阴~小雨,东北风2级,0
2023-11-16,21,13,阴~晴,北风3级,0
2023-11-17,24,13,晴,东北风2级,0
2023-11-18,25,14,雾~晴,北风1级,0
2023-11-19,24,15,阴~晴,西北风1级,0
2023-11-20,26,14,雾~晴,东风1级,0
2023-11-21,26,17,雾~多云,东南风2级,0
2023-11-22,25,18,阴,东南风2级,0
2023-11-23,27,19,雾~多云,北风2级,0
2023-11-24,26,19,雾~多云,东北风2级,0
2023-11-25,27,19,阴~多云,东南风2级,0
2023-11-26,27,18,阴~多云,北风2级,0
2023-11-27,27,16,晴,北风2级,0
2023-11-28,26,17,雾~晴,东风1级,0
2023-11-29,26,19,阴~小雨,东南风2级,0
2023-11-30,22,13,阴~小雨,东北风2级,0
2023-12-01,16,13,阴,东北风3级,0
2023-12-02,18,15,阴,东北风2级,0
2023-12-03,14,13,小雨,东北风2级,0
2023-12-04,15,13,阴,北风2级,0
2023-12-05,19,16,阴~小雨,东南风1级,0
2023-12-06,23,14,雾~多云,西北风2级,0
2023-12-07,26,15,雾~晴,东北风1级,0
2023-12-08,25,17,多云,东南风3级,0
2023-12-09,25,20,雾~阴,东南风3级,0
2023-12-10,24,21,雾~阴,东南风3级,0
2023-12-11,28,16,多云~小雨,东南风2级,0
2023-12-12,22,16,阴,东北风2级,0
2023-12-13,24,20,阴~小雨,东南风3级,0
2023-12-14,26,21,阴,东南风3级,0
2023-12-15,29,11,雾~小雨,南风2级,0
2023-12-16,10,7,阴~小雨,东北风3级,0
2023-12-17,7,6,小雨,东北风2级,0
2023-12-18,7,6,小雨,东北风2级,0
2023-12-19,10,7,阴,北风2级,0
2023-12-20,15,7,晴,北风2级,0
2023-12-21,14,5,晴,东北风3级,0
2023-12-22,14,5,阴~晴,东北风3级,0
2023-12-23,15,6,晴,东北风2级,0
2023-12-24,17,7,晴,东北风2级,0
2023-12-25,19,9,晴,东北风2级,0
2023-12-26,21,11,晴~多云,东北风1级,0
2023-12-27,23,12,多云~晴,东北风1级,0
2023-12-28,24,15,多云,东南风2级,0
2023-12-29,24,16,雾~多云,东南风2级,0
2023-12-30,25,15,阴~多云,东南风1级,0
2023-12-31,26,15,多云,东南风1级,0
2024-01-01,24,14,多云~阴,东南风3级,0
2024-01-02,19,12,小雨,东南风3级,0
2024-01-03,18,12,小雨~阴,东北风3级,0
2024-01-04,19,13,阴~小雨,东南风2级,0
2024-01-05,22,15,小雨~阴,东南风2级,0
2024-01-06,23,11,阴~中雨,东风2级,0
2024-01-07,14,11,中雨,东南风3级,0
2024-01-08,17,16,大雨~小雨,东南风3级,0
2024-01-09,17,13,小雨,东北风2级,0
2024-01-10,15,13,小雨,东北风2级,0
2024-01-11,16,14,小雨,东风2级,0
2024-01-12,15,14,中雨~小雨,东风2级,0
2024-01-13,19,16,雾~小雨,东南风2级,0
2024-01-14,23,16,雾~多云,东南风2级,0
2024-01-15,24,16,雾~多云,东南风3级,0
2024-01-16,23,17,雾~多云,东南风3级,0
2024-01-17,23,18,雾~小雨,东南风3级,0
2024-01-18,24,18,阴~多云,东南风3级,0
2024-01-19,25,14,雾~小雨,东南风3级,0
2024-01-20,14,8,阴~小雨,东北风3级,0
2024-01-21,10,5,小雨~中雨,东北风2级,0
2024-01-22,6,4,中雨~小雨,东北风3级,0
2024-01-23,5,3,阴,东北风3级,0
2024-01-24,8,5,阴,东北风2级,0
2024-01-25,9,7,晴~阴,东北风2级,0
2024-01-26,8,6,阴~小雨,东北风2级,0
2024-01-27,7,6,小雨,东北风2级,0
2024-01-28,8,7,雾~中雨,北风2级,0
2024-01-29,9,8,小雨,东北风1级,0
2024-01-30,13,9,小雨,东风1级,0
2024-01-31,18,13,小雨~阴,东南风1级,0
2024-02-01,23,18,雾~阴,东南风3级,0
2024-02-02,20,18,雾~小雨,东南风3级,0
2024-02-03,21,14,阴~小雨,东南风3级,0
2024-02-04,16,10,雾~小雨,东风3级,0
2024-02-05,11,8,阴~小雨,东北风2级,0
2024-02-06,9,6,小雨,东北风2级,0
2024-02-07,8,5,阴~小雨,东北风2级,0
2024-02-08,10,6,阴,东北风2级,0
2024-02-09,15,11,晴,北风2级,0
2024-02-10,20,11,多云~晴,北风1级,0
2024-02-11,24,11,多云~晴,东风1级,0
2024-02-12,23,15,雾~多云,东南风3级,0
2024-02-13,20,17,阴~多云,东南风3级,0
2024-02-14,22,18,阴,东南风3级,0
2024-02-15,25,14,雾~阴,东风1级,0
2024-02-16,23,15,阴~多云,东北风1级,0
2024-02-17,23,17,阴~多云,东南风4级,0
2024-02-18,23,17,雾~多云,南风3级,0
2024-02-19,30,19,雾~多云,东南风2级,0
2024-02-20,29,21,雾~多云,南风4级,0
2024-02-21,30,16,雾~多云,南风4级,0
2024-02-22,22,7,雾~小雨,东北风3级,0
2024-02-23,7,5,小雨,东北风2级,0
2024-02-24,6,5,雾~小雨,东北风2级,0
2024-02-25,8,6,阴,东北风2级,0
2024-02-26,8,6,雾~小雨,东北风2级,0
2024-02-27,8,7,阴~小雨,东北风2级,0
2024-02-28,10,7,小雨,东北风2级,0
2024-02-29,10,8,小雨,北风2级,0
2024-03-01,12,9,晴~阴,东北风2级,0
2024-03-02,14,10,晴~多云,东北风1级,0
2024-03-03,15,10,阴~小雨,东南风3级,0
2024-03-04,27,20,雾~多云,南风3级,0
2024-03-05,32,16,雾~多云,东南风2级,0
2024-03-06,23,15,阴~多云,东北风3级,0
2024-03-07,23,14,晴~阴,东北风2级,0
2024-03-08,17,14,阴~小雨,东风2级,0
2024-03-09,13,12,中雨,东北风2级,0
2024-03-10,14,12,中雨,东北风1级,0
2024-03-11,24,13,阴~多云,西北风2级,0
2024-03-12,23,15,雾~阴,东南风3级,0
2024-03-13,17,14,中雨~小雨,东南风3级,0
2024-03-14,16,14,小雨,东北风1级,0
2024-03-15,20,15,小雨~阴,东南风2级,0
2024-03-16,24,20,雾~多云,东南风3级,0
2024-03-17,25,21,雾~多云,东南风3级,0
2024-03-18,24,16,雾~小雨,东南风3级,0
2024-03-19,22,15,阴~多云,东北风3级,0
2024-03-20,21,17,阴,东北风2级,0
2024-03-21,24,18,阴~多云,东南风3级,0
2024-03-22,21,19,雾~多云,东南风4级,0
2024-03-23,28,22,阴~多云,南风4级,0
2024-03-24,30,22,雾~多云,东南风3级,0
2024-03-25,31,21,雾~阵雨,南风1级,0
2024-03-26,28,21,阴,东风3级,0
2024-03-27,28,21,阴,东南风3级,0
2024-03-28,25,19,小雨~多云,东南风1级,0
2024-03-29,28,21,阴~多云,南风2级,0
2024-03-30,27,22,阴,南风2级,0
2024-03-31,32,23,多云,东南风1级,0
2024-04-01,32,24,多云,南风3级,0
2024-04-02,32,23,阴~晴,南风3级,0
2024-04-03,33,23,多云,东南风3级,0
2024-04-04,32,19,阴~小雨,东南风3级,0
2024-04-05,20,19,阴~小雨,东北风2级,0
2024-04-06,20,18,阴~多云,东北风2级,0
2024-04-07,20,18,小雨,东北风2级,0
2024-04-08,24,17,阴,北风2级,0
2024-04-09,23,20,阴,东北风2级,0
2024-04-10,21,20,小雨~阴,东南风2级,0
2024-04-11,24,22,阴,东南风3级,0
2024-04-12,27,22,阴,东南风3级,0
2024-04-13,28,21,阴~多云,东南风3级,0
2024-04-14,32,22,多云~阴,东南风2级,0
2024-04-15,30,22,阴,东南风3级,0
2024-04-16,32,22,阴~多云,东南风3级,0
2024-04-17,31,22,阴~中雨,东南风2级,0
2024-04-18,29,22,阴,东南风2级,0
2024-04-19,32,22,多云~小雨,南风3级,0
2024-04-20,29,21,阴~暴雨,南风3级,0
2024-04-21,24,21,大雨~中雨,西北风2级,0
2024-04-22,28,21,阴~中雨,东南风2级,0
2024-04-23,28,23,中雨~多云,西北风2级,0
2024-04-24,28,24,阴~多云,东南风2级,0
2024-04-25,33,23,多云~阵雨,西南风2级,0
2024-04-26,34,24,多云,北风1级,0
2024-04-27,33,24,多云,东南风3级,0
2024-04-28,32,24,阴~多云,东南风3级,0
2024-04-29,33,27,多云,南风4级,0
2024-04-30,34,21,小雨,北风1级,0
2024-05-01,25,20,阴~小雨,东北风3级,0
2024-05-02,20,19,阴~阵雨,东北风2级,0
2024-05-03,24,20,小雨,东南风3级,0
2024-05-04,28,22,小雨~阵雨,南风3级,0
2024-05-05,28,22,多云,东北风1级,0
2024-05-06,25,21,中雨~阵雨,东南风1级,0
2024-05-07,31,21,阴~小雨,东风1级,0
2024-05-08,26,21,暴雨~中雨,东北风3级,0
2024-05-09,25,23,小雨~阵雨,东北风2级,0
2024-05-10,28,24,阴~多云,东南风3级,0
2024-05-11,31,24,阴~阵雨,东南风3级,0
2024-05-12,28,23,小雨~多云,西北风2级,0
2024-05-13,31,22,阴~多云,东北风2级,0
2024-05-14,31,23,多云,东南风2级,0
2024-05-15,29,23,阴~阵雨,东风2级,0
2024-05-16,31,23,阴~多云,东北风1级,0
2024-05-17,30,24,阴~多云,东南风3级,0
2024-05-18,25,23,中雨,东南风3级,0
2024-05-19,24,22,大雨~阴,东北风2级,0
2024-05-20,30,24,小雨~多云,北风1级,0
2024-05-21,29,24,阴~多云,东北风1级,0
2024-05-22,30,23,阴~阵雨,北风1级,0
2024-05-23,32,24,小雨~多云,东北风1级,0
2024-05-24,34,25,小雨~多云,东南风2级,0
2024-05-25,30,25,小雨~阵雨,东南风3级,0
2024-05-26,29,26,阴~多云,南风3级,0
2024-05-27,36,25,多云~暴雨,西南风1级,0
2024-05-28,30,25,阴~小雨,东北风1级,0
2024-05-29,31,25,阴~阵雨,东南风3级,0
2024-05-30,26,22,中雨~大雨,东北风1级,0
2024-05-31,26,23,阴~多云,西北风3级,0
2024-06-01,32,25,阴~多云,西风1级,0
2024-06-02,33,26,多云,东南风2级,0
2024-06-03,29,24,阴~大雨,东南风2级,0
2024-06-04,30,24,阴~中雨,东风2级,0
2024-06-05,24,23,暴雨~小雨,西北风2级,0
2024-06-06,31,23,阴~多云,东北风2级,0
2024-06-07,26,24,小雨~中雨,东风2级,0
2024-06-08,26,23,大雨,东南风3级,0
2024-06-09,29,24,小雨~阵雨,东南风3级,0
2024-06-10,29,25,小雨~多云,东南风2级,0
2024-06-11,32,26,小雨~多云,南风3级,0
2024-06-12,33,26,小雨~阵雨,东南风2级,0
2024-06-13,33,27,阴~阵雨,东南风2级,0
2024-06-14,31,26,小雨~中雨,东南风1级,0
2024-06-15,28,25,中雨,南风1级,0
2024-06-16,31,26,小雨~多云,东南风2级,0
2024-06-17,33,26,阴~阵雨,东南风3级,0
2024-06-18,29,25,小雨~阵雨,东南风2级,0
2024-06-19,33,26,多云,东南风3级,0
2024-06-20,33,27,阴~多云,东南风4级,0
2024-06-21,33,27,阴~多云,东南风3级,0
2024-06-22,33,27,阵雨~多云,东南风3级,0
2024-06-23,34,26,小雨~阵雨,东南风3级,0
2024-06-24,33,25,大雨~中雨,东南风3级,0
2024-06-25,28,24,小雨~中雨,东南风3级,0
2024-06-26,27,24,暴雨~阵雨,东南风3级,0
2024-06-27,33,25,小雨~多云,东南风3级,0
2024-06-28,31,26,中雨~多云,东南风4级,0
2024-06-29,32,27,阴~多云,东南风3级,0
2024-06-30,33,27,阴~多云,东南风3级,0
2024-07-01,32,26,阴~中雨,南风3级,0
2024-07-02,25,24,暴雨~中雨,东北风1级,0
2024-07-03,31,25,阴~多云,东南风3级,0
2024-07-04,33,26,多云,东南风3级,0
2024-07-05,32,26,阴~多云,东南风3级,0
2024-07-06,34,26,小雨~多云,东南风3级,0
2024-07-07,33,26,小雨~多云,东南风3级,0
2024-07-08,34,26,阴~多云,东南风3级,0
2024-07-09,33,26,阴~多云,东南风3级,0
2024-07-10,34,26,阴~多云,东南风4级,0
2024-07-11,34,27,阴~多云,东南风3级,0
2024-07-12,35,27,小雨~多云,东南风3级,0
2024-07-13,34,26,小雨~多云,东南风3级,0
2024-07-14,34,26,阴~多云,东南风3级,0
2024-07-15,35,26,阴~多云,东南风3级,0
2024-07-16,34,26,小雨~多云,东南风3级,0
2024-07-17,32,26,阴~多云,东南风3级,0
2024-07-18,31,25,中雨~阵雨,东南风3级,0
2024-07-19,30,25,中雨~阵雨,东南风3级,0
2024-07-20,33,26,阴~多云,东南风3级,0
2024-07-21,35,26,阴~阵雨,东南风2级,0
2024-07-22,31,25,中雨,东北风3级,0
2024-07-23,29,25,小雨~阵雨,东南风4级,0
2024-07-24,31,25,中雨~多云,东南风3级,0
2024-07-25,35,27,阴~多云,东北风1级,0
2024-07-26,37,28,阴~多云,西北风2级,0
2024-07-27,32,27,小雨~阵雨,东南风2级,0
2024-07-28,28,25,小雨~阵雨,东南风2级,0
2024-07-29,31,24,小雨~阵雨,东南风3级,0
2024-07-30,29,24,中雨,东南风3级,0
2024-07-31,27,24,小雨~阵雨,东南风3级,0
2024-08-01,30,25,阴~多云,南风3级,0
2024-08-02,29,25,小雨~多云,东南风4级,0
2024-08-03,31,26,中雨~多云,东南风4级,0
2024-08-04,34,25,阴~多云,东南风3级,0
2024-08-05,35,26,阴~多云,东南风2级,0
2024-08-06,35,26,阴~多云,东南风2级,0
2024-08-07,35,26,阴~多云,南风2级,0
2024-08-08,34,26,多云,东南风3级,0
2024-08-09,35,27,阴~多云,东南风3级,0
2024-08-10,33,26,阴~阵雨,东南风3级,0
2024-08-11,32,25,小雨~阵雨,西北风1级,0
2024-08-12,32,25,小雨~中雨,东南风2级,0
2024-08-13,32,25,大雨~中雨,东南风1级,0
2024-08-14,29,25,中雨,东南风2级,0
2024-08-15,31,25,大雨~阵雨,西北风1级,0
2024-08-16,31,25,小雨~阵雨,北风2级,0
2024-08-17,32,25,小雨~阵雨,西北风1级,0
2024-08-18,32,25,雾~阵雨,西南风1级,0
2024-08-19,34,25,中雨~多云,西北风1级,0
2024-08-20,34,25,小雨~阵雨,南风2级,0
2024-08-21,32,25,阴~中雨,东南风3级,0
2024-08-22,30,25,雾~阵雨,东南风2级,0
2024-08-23,29,25,中雨~多云,西南风1级,0
2024-08-24,33,25,雾~阵雨,南风2级,0
2024-08-25,33,25,小雨~多云,东南风2级,0
2024-08-26,34,26,多云,东南风1级,0
2024-08-27,35,27,阴~多云,西风2级,0
2024-08-28,36,26,雾~阵雨,西北风1级,0
2024-08-29,32,23,暴雨~中雨,东风2级,0
2024-08-30,33,25,雾~多云,东南风2级,0
2024-08-31,33,25,大雨~多云,东南风3级,0
2024-09-01,32,25,雾~多云,东风2级,0
2024-09-02,35,25,雾~多云,东南风1级,0
2024-09-03,35,25,阴~多云,西北风1级,0
2024-09-04,35,26,多云,西北风1级,0
2024-09-05,35,27,阴~多云,北风2级,0
2024-09-06,32,24,小雨~大雨,东北风3级,0
2024-09-07,26,23,大雨,东北风5级,0
2024-09-08,29,25,小雨~阵雨,东南风4级,0
2024-09-09,30,25,小雨~阵雨,东南风3级,0
2024-09-10,31,24,雾~阵雨,东南风2级,0
2024-09-11,32,24,小雨~多云,东南风2级,0
2024-09-12,32,25,阴~多云,东北风1级,0
2024-09-13,33,26,小雨~多云,东北风1级,0
2024-09-14,34,25,雾~多云,东北风1级,0
2024-09-15,33,25,雾~多云,东北风2级,0
2024-09-16,33,25,阴~多云,北风2级,0
2024-09-17,33,25,阴~多云,东北风3级,0
2024-09-18,33,26,多云,东北风3级,0
2024-09-19,35,27,阴~多云,东北风3级,0
2024-09-20,33,26,阴~阵雨,东北风2级,0
2024-09-21,32,23,阴~大雨,东北风3级,0
2024-09-22,28,22,阴~多云,东北风4级,0
2024-09-23,26,23,阴~多云,东北风3级,0
2024-09-24,25,23,阴~阵雨,东北风1级,0
2024-09-25,28,23,阴~多云,北风1级,0
2024-09-26,29,23,雾~多云,东南风1级,0
2024-09-27,32,24,雾~多云,西南风1级,0
2024-09-28,32,25,雾~多云,东南风2级,0
2024-09-29,33,25,雾~多云,东南风3级,0
2024-09-30,34,24,阴~阵雨,东南风2级,0
2024-10-01,26,20,阴~多云,西北风4级,0
2024-10-02,26,18,阴~晴,北风3级,0
2024-10-03,27,18,晴,东北风3级,0
2024-10-04,28,19,多云~晴,东北风2级,0
2024-10-05,29,19,晴,东北风2级,0
2024-10-06,31,22,阴~晴,东北风2级,0
2024-10-07,30,22,晴,东北风2级,0
2024-10-08,28,21,晴,东北风2级,0
2024-10-09,28,20,晴,北风2级,0
2024-10-10,28,20,晴,东北风2级,0
2024-10-11,30,21,晴,东风2级,0
2024-10-12,31,22,阴~多云,东南风2级,0
2024-10-13,31,23,雾~多云,东南风2级,0
2024-10-14,32,22,多云~阵雨,东南风2级,0
2024-10-15,27,21,阴~多云,东北风2级,0
2024-10-16,30,23,阴~多云,东北风2级,0
2024-10-17,30,23,阴~多云,东南风3级,0
2024-10-18,30,23,小雨~阵雨,东南风2级,0
2024-10-19,31,23,阴~阵雨,东南风2级,0
2024-10-20,30,23,阴~多云,东风2级,0
2024-10-21,30,23,阴~多云,东南风2级,0
2024-10-22,31,20,雾~多云,东北风2级,0
2024-10-23,25,17,多云~晴,东北风3级,0
2024-10-24,26,17,晴,北风2级,0
2024-10-25,27,18,晴~多云,北风2级,0
2024-10-26,26,20,阴~小雨,北风3级,0
2024-10-27,22,18,阴~小雨,北风3级,0
2024-10-28,21,18,小雨,北风3级,0
2024-10-29,25,19,阴~多云,东北风1级,0
2024-10-30,27,20,阴~晴,东北风1级,0
2024-10-31,29,20,晴,北风2级,0
2024-11-01,28,19,晴,北风3级,0
2024-11-02,26,20,晴,东北风2级,0
2024-11-03,26,20,阴~小雨,东北风2级,0
2024-11-04,22,18,小雨,东北风2级,0
2024-11-05,25,20,阴,北风2级,0
2024-11-06,26,19,多云,东北风3级,0
2024-11-07,26,18,多云~晴,东北风2级,0
2024-11-08,27,17,晴,东北风1级,0
2024-11-09,28,17,晴,东北风1级,0
2024-11-10,29,20,晴,东北风2级,0
2024-11-11,30,21,多云,东北风2级,0
2024-11-12,30,22,多云~晴,东南风2级,0
2024-11-13,31,21,雾~多云,东南风2级,0
2024-11-14,32,22,雾~晴,东南风2级,0
2024-11-15,33,22,雾~多云,西南风1级,0
2024-11-16,32,23,雾~多云,东南风2级,0
2024-11-17,31,21,多云,东南风3级,0
2024-11-18,26,17,阴~多云,东北风2级,0
2024-11-19,24,17,多云~晴,东北风2级,0
2024-11-20,23,15,多云~晴,东北风3级,0
2024-11-21,23,15,多云~晴,东北风2级,0
2024-11-22,22,16,多云~晴,东北风2级,0
2024-11-23,23,15,多云,东风2级,0
2024-11-24,23,16,阴,东南风2级,0
2024-11-25,25,16,阴~小雨,东风2级,0
2024-11-26,20,15,阴~多云,东北风2级,0
2024-11-27,18,15,阴~多云,东北风3级,0
2024-11-28,20,13,阴~多云,东北风3级,0
2024-11-29,24,13,晴,东北风1级,0
2024-11-30,25,13,晴,东南风2级,0
2024-12-01,25,14,晴,东南风3级,0
2024-12-02,26,16,多云~晴,东南风2级,0
2024-12-03,27,17,阴~多云,东南风2级,0
2024-12-04,27,17,多云,东南风2级,0
2024-12-05,26,15,多云~阴,东风2级,0
2024-12-06,17,13,多云~阴,东北风2级,0
2024-12-07,13,11,阴,北风3级,0
2024-12-08,16,13,阴,东北风2级,0
2024-12-09,17,14,阴,东风2级,0
2024-12-10,19,12,多云~小雨,东南风2级,0
2024-12-11,13,10,阴,北风3级,0
2024-12-12,11,9,阴~小雨,东北风2级,0
2024-12-13,13,10,阴,北风2级,0
2024-12-14,15,10,晴~多云,东北风3级,0
2024-12-15,14,12,阴~多云,东北风2级,0
2024-12-16,20,9,阴~晴,北风1级,0
2024-12-17,18,15,阴~多云,东风2级,0
2024-12-18,20,11,多云,东北风2级,0
2024-12-19,18,10,晴,东北风2级,0
2024-12-20,19,10,晴,东南风2级,0
2024-12-21,19,11,晴,东北风2级,0
2024-12-22,18,10,阴~多云,东北风2级,0
2024-12-23,19,10,晴~多云,东北风2级,0
2024-12-24,18,10,晴~多云,东北风2级,0
2024-12-25,20,14,多云~阴,东风1级,0
2024-12-26,16,13,多云~阴,东北风2级,0
2024-12-27,14,11,多云~阴,东北风2级,0
2024-12-28,18,10,阴~晴,东北风3级,0
2024-12-29,19,11,晴~多云,东南风2级,0
2024-12-30,16,12,多云~阴,东北风2级,0
2024-12-31,19,11,多云~晴,西北风2级,0
2025-01-01,22,12,晴,东南风1级,0
2025-01-02,25,13,多云~晴,东北风2级,0
2025-01-03,22,12,晴,东北风2级,0
2025-01-04,22,12,多云~晴,东南风2级,0
2025-01-05,21,11,晴,北风2级,0
2025-01-06,22,11,多云~晴,东南风2级,0
2025-01-07,21,14,多云,东南风3级,0
2025-01-08,19,12,阴,东北风2级,0
2025-01-09,17,9,多云~阴,北风3级,0
2025-01-10,15,9,多云~晴,东北风2级,0
2025-01-11,16,8,阴~晴,北风3级,0
2025-01-12,20,8,晴,东北风1级,0
2025-01-13,21,8,晴~多云,东南风3级,0
2025-01-14,20,13,阴,东风1级,0
2025-01-15,19,11,阴~晴,东北风3级,0
2025-01-16,20,11,阴~晴,北风2级,0
2025-01-17,20,10,晴,东南风2级,0
2025-01-18,21,10,多云~晴,东南风2级,0
2025-01-19,22,11,多云~晴,西北风1级,0
2025-01-20,24,12,晴,东风1级,0
2025-01-21,24,14,多云,东南风3级,0
2025-01-22,21,15,多云,东南风3级,0
2025-01-23,21,15,阴,东南风3级,0
2025-01-24,21,16,阴,东南风4级,0
2025-01-25,22,11,阴~小雨,东南风2级,0
2025-01-26,12,7,阴~多云,北风3级,0
2025-01-27,13,8,阴~多云,东北风2级,0
2025-01-28,19,10,阴~晴,东北风2级,0
2025-01-29,21,12,多云,东南风2级,0
2025-01-30,18,15,阴~小雨,东南风4级,0
2025-01-31,19,16,小雨~阴,东南风3级,0
2025-02-01,23,16,阴,东南风3级,0
2025-02-02,14,10,阴~小雨,东北风2级,0
2025-02-03,12,9,阴,东北风2级,0
2025-02-04,17,10,阴~多云,东北风2级,0
2025-02-05,15,11,阴~小雨,东南风2级,0
2025-02-06,10,7,小雨,东北风2级,0
2025-02-07,10,7,阴,北风2级,0
2025-02-08,11,9,阴,东北风2级,0
2025-02-09,13,10,阴,东北风1级,0
2025-02-10,14,13,阴~多云,东风2级,0
2025-02-11,20,15,多云~小雨,东南风3级,0
2025-02-12,22,13,雾~阴,东北风1级,0
2025-02-13,19,13,阴~多云,东北风2级,0
2025-02-14,19,16,多云~阴,东南风3级,0
2025-02-15,13,12,小雨,东北风2级,0
2025-02-16,13,11,小雨~阴,北风2级,0
2025-02-17,13,11,雾~阴,北风2级,0
2025-02-18,12,10,阴~小雨,东北风2级,0
2025-02-19,14,13,雾~阴,东风1级,0
2025-02-20,16,11,多云~小雨,东风1级,0
2025-02-21,13,11,阴,东北风2级,0
2025-02-22,13,10,雾~小雨,东风2级,0
2025-02-23,12,10,阴,北风2级,0
2025-02-24,13,10,阴,北风2级,0
2025-02-25,11,9,小雨,东北风2级,0
2025-02-26,11,10,小雨,东北风1级,0
2025-02-27,16,10,小雨~阴,东南风2级,0
2025-02-28,24,18,小雨~多云,东南风4级,0
2025-03-01,25,20,雾~多云,东南风3级,0
2025-03-02,29,20,多云,南风3级,0
2025-03-03,30,17,多云~阵雨,西南风2级,0
2025-03-04,24,14,小雨,东风2级,0
2025-03-05,14,10,阴~小雨,东北风2级,0
2025-03-06,10,9,小雨,东北风2级,0
2025-03-07,13,11,阴,东北风2级,0
2025-03-08,15,12,阴,东风2级,0
2025-03-09,14,12,小雨~阴,东北风2级,0
2025-03-10,19,16,小雨,东南风2级,0
2025-03-11,24,20,雾~小雨,东南风3级,0
2025-03-12,25,21,雾~阴,东南风3级,0
2025-03-13,25,21,小雨~阵雨,东南风3级,0
2025-03-14,28,21,阴~阵雨,南风3级,0
2025-03-15,20,13,阴~多云,东北风3级,0
2025-03-16,20,12,阴~多云,东北风3级,0
2025-03-17,17,13,阴~多云,东北风3级,0
2025-03-18,19,14,阴~多云,北风3级,0
2025-03-19,22,13,阴~晴,东北风2级,0
2025-03-20,26,15,晴,北风2级,0
2025-03-21,27,15,多云~晴,东南风2级,0
2025-03-22,27,15,晴,东南风3级,0
2025-03-23,29,17,晴,东南风2级,0
2025-03-24,31,18,晴,南风1级,0
2025-03-25,30,19,雾~晴,东南风3级,0
2025-03-26,30,20,晴,南风3级,0
2025-03-27,32,22,晴~阴,东南风3级,0
2025-03-28,28,13,阴,东北风4级,0
2025-03-29,11,10,小雨,东北风2级,0
2025-03-30,12,10,阴~小雨,北风2级,0
2025-03-31,14,12,多云~阴,北风2级,0
2025-04-01,23,13,晴,东北风1级,0
2025-04-02,22,16,多云~晴,东北风2级,0
2025-04-03,22,18,多云,东南风3级,0
2025-04-04,25,19,阴,东南风4级,0
2025-04-05,23,18,多云~阴,东北风2级,0
2025-04-06,21,19,小雨,东风2级,0
2025-04-07,26,20,阴~多云,东南风3级,0
2025-04-08,24,20,小雨~阴,东南风3级,0
2025-04-09,28,21,雾~多云,东南风2级,0
2025-04-10,31,23,阴~多云,东南风2级,0
2025-04-11,28,22,多云,东南风4级,0
2025-04-12,33,17,小雨~多云,东北风3级,0
2025-04-13,26,18,阴~多云,西北风2级,0
2025-04-14,31,18,浮尘~多云,西北风1级,0
2025-04-15,35,20,阴~多云,东南风2级,0
2025-04-16,32,22,多云,东南风4级,0
2025-04-17,29,23,阴~多云,东南风3级,0
2025-04-18,31,24,阴~多云,东南风3级,0
2025-04-19,34,24,阴~多云,东南风3级,0
2025-04-20,35,24,阴~多云,东南风3级,0
2025-04-21,35,25,阴~多云,南风3级,0
2025-04-22,34,23,阴~中雨,东南风1级,0
2025-04-23,33,23,阴~阵雨,东北风3级,0
2025-04-24,27,21,阴~阵雨,北风2级,0
2025-04-25,30,23,雾~多云,东北风2级,0
2025-04-26,29,23,阴~多云,东南风3级,0
2025-04-27,30,22,雾~中雨,南风2级,0
2025-04-28,30,23,阴~多云,北风2级,0
2025-04-29,32,23,阴~多云,东南风3级,0
2025-04-30,30,21,暴雨~阵雨,南风2级,0
2025-05-01,30,22,小雨~多云,西北风1级,0
2025-05-02,33,24,多云,东南风2级,0
2025-05-03,33,24,雾~多云,东南风2级,0
2025-05-04,32,25,阴~多云,东南风3级,0
2025-05-05,34,24,阴~阵雨,东南风2级,0
2025-05-06,31,24,雾~多云,东南风2级,0
2025-05-07,31,25,雾~多云,东南风2级,0
2025-05-08,32,25,阴~多云,东南风4级,0
2025-05-09,29,24,雾~多云,东北风3级,0
2025-05-10,30,19,阴~阵雨,东北风2级,0
2025-05-11,25,18,阴~多云,北风2级,0
2025-05-12,30,19,晴~多云,东南风1级,0
2025-05-13,31,23,多云,东南风3级,0
2025-05-14,30,24,小雨~多云,东南风3级,0
2025-05-15,30,24,小雨~阵雨,东南风3级,0
2025-05-16,30,24,小雨~阵雨,东南风3级,0
2025-05-17,30,23,暴雨~中雨,南风2级,0
2025-05-18,30,24,阴~中雨,东北风2级,0
2025-05-19,31,25,阴~阵雨,西南风1级,0
2025-05-20,31,25,阴~多云,东南风3级,0
2025-05-21,33,25,阴~多云,东南风3级,0
2025-05-22,33,25,阴~多云,东南风2级,0
2025-05-23,32,20,阴~中雨,西南风2级,0
2025-05-24,21,19,小雨~阵雨,北风1级,0
2025-05-25,24,19,雾~多云,东北风1级,0
2025-05-26,25,19,阴~多云,北风2级,0
2025-05-27,28,23,多云~阴,东南风2级,0
2025-05-28,28,22,小雨~中雨,西北风1级,0
2025-05-29,24,20,阴,北风3级,0
2025-05-30,26,24,阴,东风2级,0
2025-05-31,29,25,阴~多云,东南风4级,0
2025-06-01,33,26,多云,东南风3级,0
2025-06-02,32,24,小雨~阵雨,东北风2级,0
2025-06-03,31,24,多云,西北风1级,0
2025-06-04,34,25,阴~多云,东北风2级,0
2025-06-05,33,25,中雨~多云,东南风3级,0
2025-06-06,32,26,阴~多云,东南风3级,0
2025-06-07,34,26,阴~多云,东南风3级,0
2025-06-08,33,25,阴~多云,东南风2级,0
2025-06-09,34,25,阴~阵雨,西北风1级,0
2025-06-10,28,24,阴~阵雨,西北风2级,0
2025-06-11,30,25,阴~阵雨,东北风3级,0
2025-06-12,30,25,阴~阵雨,东北风3级,0
2025-06-13,32,25,阴~中雨,东北风3级,0
2025-06-14,30,25,小雨~多云,东北风2级,0
2025-06-15,33,25,阴~阵雨,东南风1级,0
2025-06-16,32,25,小雨~阵雨,东南风3级,0
2025-06-17,30,25,中雨~阵雨,东南风3级,0
2025-06-18,29,26,阴~多云,东南风4级,0
2025-06-19,29,26,阴~阵雨,东南风4级,0
2025-06-20,30,26,阴~阵雨,东南风4级,0
2025-06-21,31,26,阴~多云,南风3级,0
2025-06-22,32,25,阴~多云,东南风3级,0
2025-06-23,32,26,阴~多云,南风2级,0
2025-06-24,33,25,阴~多云,东南风3级,0
2025-06-25,34,26,阴~多云,东南风3级,0
2025-06-26,33,24,阴~暴雨,东南风2级,0
2025-06-27,30,25,小雨~多云,南风3级,0
2025-06-28,31,25,小雨~多云,东南风3级,0
2025-06-29,29,25,暴雨~阵雨,东南风3级,0
2025-06-30,31,25,阴~阵雨,东南风4级,0
2025-07-01,32,25,大雨~多云,东南风4级,0
2025-07-02,31,25,中雨~多云,东南风3级,0
2025-07-03,33,25,阴~多云,东南风3级,0
2025-07-04,34,25,阴~多云,东南风2级,0
2025-07-05,35,26,阴~多云,西南风1级,0
2025-07-06,35,26,雾~多云,南风1级,0
2025-07-07,35,26,阴~多云,东南风2级,0
2025-07-08,32,26,阴~多云,东南风1级,0
2025-07-09,34,26,阴~多云,东南风2级,0
2025-07-10,34,26,阴~阵雨,西北风1级,0
2025-07-11,33,25,大雨~中雨,东北风3级,0
2025-07-12,32,25,雾~多云,东北风1级,0
2025-07-13,33,25,阴~多云,东南风1级,0
2025-07-14,33,26,小雨~多云,东南风1级,0
2025-07-15,33,26,阴~多云,东南风1级,0
2025-07-16,34,26,阴~多云,东南风2级,0
2025-07-17,35,27,阴~多云,东南风1级,0
2025-07-18,35,27,阴~多云,西风1级,0
2025-07-19,33,26,中雨~多云,北风2级,0
2025-07-20,33,26,阴~中雨,西北风3级,0
2025-07-21,30,24,中雨~小雨,东北风4级,0
2025-07-22,31,24,小雨~阵雨,东南风4级,0
2025-07-23,31,25,大雨~阵雨,东南风3级,0
2025-07-24,31,25,阴~多云,东南风3级,0
2025-07-25,32,26,阴~多云,东北风1级,0
2025-07-26,35,26,阴~多云,北风1级,0
2025-07-27,35,26,小雨~多云,东北风1级,0
2025-07-28,35,26,雾~多云,西北风1级,0
2025-07-29,34,26,暴雨~多云,西风2级,0
2025-07-30,35,26,阴~阵雨,西南风1级,0
2025-07-31,33,26,阴~阵雨,东南风1级,0
2025-08-01,29,25,小雨~阵雨,东南风2级,0
2025-08-02,32,26,小雨~多云,西北风1级,0
2025-08-03,34,26,雾~阵雨,东南风2级,0
2025-08-04,35,26,中雨~大雨,东南风3级,0
2025-08-05,27,24,暴雨~大雨,东南风4级,0
2025-08-06,29,25,中雨~阵雨,东南风3级,0
2025-08-07,28,25,阴~多云,东南风2级,0
2025-08-08,32,26,阴~多云,东南风3级,0
2025-08-09,33,26,阴~多云,东南风3级,0
2025-08-10,33,26,雾~多云,东南风3级,0
2025-08-11,34,26,多云,东南风2级,0
2025-08-12,35,26,阴~多云,南风1级,0
2025-08-13,35,26,阴~多云,西北风1级,0
2025-08-14,33,24,雾~大雨,西北风1级,0
2025-08-15,30,24,小雨~多云,东南风3级,0
2025-08-16,32,25,阴~多云,东风2级,0
2025-08-17,33,25,雾~阵雨,东北风2级,0
2025-08-18,29,23,中雨~暴雨,东北风3级,0
2025-08-19,26,24,大雨~阵雨,东南风4级,0
2025-08-20,29,26,小雨~多云,东南风3级,0
2025-08-21,30,25,阴~多云,东南风3级,0
2025-08-22,31,25,阴~多云,东南风2级,0
2025-08-23,34,25,多云,东南风2级,0
2025-08-24,33,25,阴~多云,东风3级,0
2025-08-25,30,24,中雨~阵雨,东风3级,0
2025-08-26,32,25,中雨~多云,东南风3级,0
2025-08-27,32,24,阴~多云,东南风3级,0
2025-08-28,31,24,阴~多云,东南风2级,0
2025-08-29,30,24,小雨~多云,东北风2级,0
2025-08-30,33,25,阴~多云,东风3级,0
2025-08-31,32,25,阴~多云,东南风2级,0
2025-09-01,33,25,阴~多云,东南风2级,0
2025-09-02,34,26,阴~多云,东南风3级,0
2025-09-03,33,25,阴~多云,东南风2级,0
2025-09-04,34,25,阴~多云,东南风2级,0
2025-09-05,34,25,阴~多云,东南风3级,0
2025-09-06,34,26,阴~多云,东南风2级,0
2025-09-07,36,26,阴~多云,南风1级,0
2025-09-08,33,24,大雨~暴雨,北风2级,0
2025-09-09,30,24,阴~中雨,东南风2级,0
2025-09-10,31,25,中雨~多云,东南风3级,0
2025-09-11,32,25,小雨~多云,东南风3级,0
2025-09-12,32,25,阴~多云,东南风3级,0
2025-09-13,33,25,阴~多云,东南风2级,0
2025-09-14,33,24,阴~多云,东南风3级,0
2025-09-15,32,24,中雨~多云,东南风3级,0
2025-09-16,32,24,阴~阵雨,东南风2级,0
2025-09-17,32,24,阴~多云,东南风3级,0
2025-09-18,33,24,阴~多云,东南风1级,0
2025-09-19,33,25,阴~多云,西北风1级,0
2025-09-20,34,25,雾~多云,东北风1级,0
2025-09-21,30,23,阴~阵雨,东北风3级,0
2025-09-22,28,24,阴~多云,北风2级,0
2025-09-23,31,25,阴~多云,北风2级,0
2025-09-24,31,21,阴~大雨,西北风5级,0
2025-09-25,24,22,暴雨~中雨,东北风3级,0
2025-09-26,29,23,阴~多云,东北风3级,0
2025-09-27,32,24,阴~多云,东北风2级,0
2025-09-28,31,25,小雨~阵雨,东风3级,0
2025-09-29,28,24,阴~阵雨,东风4级,0
2025-09-30,31,24,阴~多云,东南风3级,0
2025-10-01,32,23,多云,东南风2级,0
2025-10-02,32,24,多云,东南风3级,0
2025-10-03,32,24,阴~多云,东南风3级,0
2025-10-04,33,24,雾~多云,东南风2级,0
2025-10-05,31,21,阴~暴雨,东北风4级,0
2025-10-06,24,23,暴雨~阵雨,东南风6级,0
2025-10-07,30,23,阴~多云,东南风3级,0
2025-10-08,33,24,雾~多云,东南风1级,0
2025-10-09,32,23,阴~多云,东南风2级,0
2025-10-10,31,24,雾~多云,东南风2级,0
2025-10-11,32,24,雾~多云,东南风2级,0
2025-10-12,32,24,阴~多云,东南风3级,0
2025-10-13,33,24,阴~阵雨,东南风2级,0
2025-10-14,31,23,中雨~多云,东南风3级,0
2025-10-15,28,23,大雨~多云,东南风3级,0
2025-10-16,32,23,多云,东南风2级,0
2025-10-17,33,23,雾~多云,东南风1级,0
2025-10-18,33,23,雾~多云,东风1级,0
2025-10-19,28,20,阴~多云,东北风3级,0
2025-10-20,25,18,阴~多云,东北风2级,0
2025-10-21,21,16,阴~多云,北风3级,0
2025-10-22,19,16,阴~多云,北风3级,0
2025-10-23,18,16,阴~多云,西北风2级,0
2025-10-24,22,17,多云,西北风2级,0
2025-10-25,26,18,多云~晴,北风2级,0
2025-10-26,25,19,阴~多云,北风2级,0
2025-10-27,25,19,阴~晴,北风2级,0
2025-10-28,25,18,阴~多云,东北风1级,0
2025-10-29,25,21,阴,东南风1级,0
2025-10-30,21,19,中雨~小雨,东北风1级,0
2025-10-31,22,19,小雨,东北风1级,0
2025-11-01,20,17,阴,西北风2级,0
2025-11-02,19,16,阴,西北风2级,0
2025-11-03,17,15,阴~小雨,北风2级,0
2025-11-04,17,15,中雨~小雨,西北风2级,0
2025-11-05,20,17,阴,北风1级,0
2025-11-06,25,20,雾~小雨,东南风2级,0
2025-11-07,24,21,小雨,东北风1级,0
2025-11-08,27,19,雾~小雨,东南风2级,0
2025-11-09,25,18,雾~阴,东北风2级,0
2025-11-10,22,18,阴~多云,北风2级,0
2025-11-11,22,16,阴~多云,西北风2级,0
2025-11-12,24,16,小雨~晴,西北风2级,0
2025-11-13,25,15,晴,西北风2级,0
2025-11-14,26,15,晴,西北风2级,0
2025-11-15,27,18,多云~晴,西北风2级,0
2025-11-16,27,19,阴~多云,西北风1级,0
2025-11-17,26,13,雾~小雨,北风2级,0
2025-11-18,12,10,小雨,北风3级,0
2025-11-19,16,12,阴~多云,北风2级,0
2025-11-20,20,12,多云~晴,西北风2级,0
2025-11-21,21,14,阴~晴,北风2级,0
2025-11-22,23,15,多云~晴,东北风1级,0
2025-11-23,25,15,阴~晴,西北风1级,0
2025-11-24,25,14,晴,西北风3级,0
2025-11-25,22,12,晴,北风2级,0
2025-11-26,22,14,晴,北风2级,0
2025-11-27,22,12,晴,北风2级,0
2025-11-28,23,12,晴,西北风1级,0
2025-11-29,24,15,晴~多云,东风1级,0
2025-11-30,22,16,阴,西北风1级,0
2025-12-01,25,17,多云,西北风1级,0
2025-12-02,27,16,雾~小雨,东风1级,0
2025-12-03,19,14,阴~多云,东北风2级,0
2025-12-04,19,14,阴,东北风1级,0
2025-12-05,16,13,阴~多云,北风2级,0
2025-12-06,21,15,晴~多云,南风1级,0
2025-12-07,24,15,多云,东北风2级,0
2025-12-08,23,14,多云~晴,东北风2级,0
2025-12-09,24,13,多云~晴,东南风1级,0
2025-12-10,24,18,多云~阴,东南风1级,0
2025-12-11,23,16,多云~小雨,西南风1级,0
2025-12-12,20,16,中雨~阵雨,东南风2级,0
2025-12-13,18,10,中雨~多云,东北风3级,0
2025-12-14,18,10,多云,东北风1级,0
2025-12-15,18,13,晴~阴,东南风2级,0
2025-12-16,19,15,阴~小雨,东北风2级,0
2025-12-17,22,14,阴~多云,东北风2级,0
2025-12-18,23,14,晴~多云,东北风1级,0
2025-12-19,25,16,雾~阴,东南风2级,0
2025-12-20,25,16,雾~阴,东南风1级,0
2025-12-21,23,15,雾~多云,东北风2级,0
2025-12-22,22,17,雾~多云,东南风2级,0
2025-12-23,22,14,阴~小雨,东南风2级,0
2025-12-24,14,11,小雨,东北风2级,0
2025-12-25,15,9,多云~晴,北风2级,0
2025-12-26,17,10,多云~晴,东北风2级,0
2025-12-27,16,11,阴~多云,东北风1级,0
2025-12-28,19,12,阴,东风1级,0
2025-12-29,22,14,阴~多云,东南风2级,0
2025-12-30,23,15,阴~多云,东南风2级,0
2025-12-31,22,14,阴~小雨,东南风3级,0
2026-01-01,16,9,小雨,东北风3级,0
2026-01-02,12,10,阴,东北风3级,0
2026-01-03,14,10,晴~多云,东风2级,0
2026-01-04,16,11,阴,东南风2级,0
2026-01-05,12,10,阴,北风2级,0
2026-01-06,15,9,阴~晴,北风2级,0
2026-01-07,16,9,晴,北风2级,0
2026-01-08,18,9,晴,北风1级,0
2026-01-09,19,8,晴,西北风1级,0
2026-01-10,21,10,晴~多云,西北风1级,0
2026-01-11,22,12,晴,东北风2级,0
2026-01-12,22,11,多云~晴,东南风2级,0
2026-01-13,22,12,晴,西南风1级,0
2026-01-14,23,11,多云,东南风2级,0
2026-01-15,22,15,阴,西南风1级,0
2026-01-16,23,16,雾~阴,东南风2级,0
2026-01-17,23,16,多云,东南风2级,0
2026-01-18,25,16,雾~多云,东南风2级,0
2026-01-19,22,14,雾~阴,东南风3级,0
2026-01-20,19,7,阴,东南风3级,0
2026-01-21,5,4,小雨~阴,东北风2级,0
2026-01-22,7,3,小雨~阴,北风2级,0
2026-01-23,10,8,晴~阴,东北风微风,0
2026-01-24,11,9,小雨~阴,东北风1级,0
2026-01-25,14,13,小雨~阴,东南风3级,0
2026-01-26,22,13,多云~阴,东南风2级,0
2026-01-27,21,11,阴~多云,东风2级,0
2026-01-28,22,13,阴~多云,东南风2级,0
2026-01-29,20,16,雾~阴,东南风3级,0
2026-01-30,24,13,阴~小雨,东南风2级,0
2026-01-31,16,11,阴,东风2级,0
2026-02-01,17,11,晴~多云,东北风2级,0
2026-02-02,18,11,阴~多云,东北风1级,0
2026-02-03,21,13,晴~多云,东南风2级,0
2026-02-04,17,15,小雨~阴,东南风3级,0
2026-02-05,22,18,雾~阴,东南风2级,0
2026-02-06,27,13,雾~阴,东南风1级,0
2026-02-07,18,9,阴~小雨,东北风2级,0
2026-02-08,10,9,小雨~阴,东北风3级,0
2026-02-09,12,11,小雨~阴,西南风1级,0
2026-02-10,13,12,小雨,东南风2级,0
2026-02-11,15,13,阴,东南风1级,0
2026-02-12,16,15,小雨~阴,东南风3级,0
2026-02-13,21,16,雾~阴,东南风2级,0
2026-02-14,26,18,雾~阴,南风2级,0
2026-02-15,26,18,雾~多云,东南风2级,0
2026-02-16,26,13,雾~阴,东南风2级,0
2026-02-17,14,11,阴,东北风2级,0
2026-02-18,14,11,阴,东北风2级,0
2026-02-19,15,12,阴~多云,东南风1级,0
2026-02-20,23,15,晴~多云,东南风1级,0
2026-02-21,23,17,阴,东南风2级,0
2026-02-22,26,20,雾~阴,东南风2级,0
2026-02-23,23,20,阴~小雨,东南风3级,0
2026-02-24,26,19,雾~阴,东南风2级,0
2026-02-25,21,19,小雨,东南风2级,0
2026-02-26,21,19,中雨~阴,东南风2级,0
2026-02-27,26,21,雾~阴,东南风2级,0
2026-02-28,25,21,小雨,东南风3级,0
2026-03-01,30,22,阴,东南风2级,0
2026-03-02,24,14,雾~小雨,东南风2级,0
2026-03-03,16,13,阴~多云,东北风2级,0
2026-03-04,19,13,小雨~多云,东北风2级,0
2026-03-05,25,15,多云,东南风2级,0
2026-03-06,24,17,多云,东南风2级,0
2026-03-07,23,18,阴~多云,东南风3级,0
2026-03-08,22,14,阴,东南风3级,0
2026-03-09,16,12,小雨~阴,东南风2级,0
